customer_id,ITE,treatment,purchased,customers_targeted,uplift,qini,random_baseline
890,0.8147580400929588,1,0.0,1,0.0,0.0,0.0
730,0.7890757255024454,1,0.0,2,0.0,0.0,0.08261417563743144
588,0.782511689451582,1,1.0,3,0.3333333333333333,1.0,0.16522835127486288
605,0.7588963785752989,1,1.0,4,0.5,2.0,0.2478425269122943
868,0.7559169450054037,1,1.0,5,0.6,3.0,0.33045670254972576
414,0.7306600200248242,1,0.0,6,0.5,3.0,0.4130708781871572
971,0.713269435673278,1,1.0,7,0.5714285714285714,4.0,0.4956850538245886
498,0.6912957583977059,1,0.0,8,0.5,4.0,0.5782992294620201
299,0.6861657956308858,1,1.0,9,0.5555555555555556,5.0,0.6609134050994515
93,0.6837840114844744,1,1.0,10,0.6,6.0,0.743527580736883
379,0.6736727276229656,1,1.0,11,0.6363636363636364,7.0,0.8261417563743144
238,0.658300534267019,1,0.0,12,0.5833333333333334,7.0,0.9087559320117459
497,0.6568010136787126,1,1.0,13,0.6153846153846154,8.0,0.9913701076491772
732,0.6488206982777562,1,1.0,14,0.6428571428571429,9.0,1.0739842832866087
465,0.6466126028208901,1,0.0,15,0.6,9.0,1.1565984589240401
228,0.6415442260513615,1,1.0,16,0.625,10.0,1.2392126345614716
505,0.64147258399754,1,1.0,17,0.6470588235294118,11.0,1.321826810198903
225,0.6403585523144382,1,1.0,18,0.6666666666666666,12.0,1.4044409858363345
230,0.6396068216464511,1,0.0,19,0.631578947368421,12.0,1.487055161473766
833,0.6369886193608043,1,1.0,20,0.65,13.0,1.5696693371111974
241,0.6351873065003458,1,0.0,21,0.6190476190476191,13.0,1.6522835127486288
343,0.6332048838895101,1,0.0,22,0.5909090909090909,13.0,1.7348976883860603
338,0.6293472752286214,1,1.0,23,0.6086956521739131,14.0,1.8175118640234917
316,0.6258243218325298,1,0.0,24,0.5833333333333334,14.0,1.9001260396609232
655,0.6001618685151076,0,0.0,25,0.5833333333333334,14.0,1.9827402152983544
790,0.5972723265967322,1,0.0,26,0.56,14.0,2.065354390935786
5,0.5957946771515309,1,0.0,27,0.5384615384615384,14.0,2.1479685665732173
437,0.5829448736778193,1,1.0,28,0.5555555555555556,15.0,2.230582742210649
586,0.5793446373603308,0,0.0,29,0.5555555555555556,15.0,2.3131969178480802
307,0.5697732946249295,1,1.0,30,0.5714285714285714,16.0,2.395811093485512
566,0.5695231084012006,1,0.0,31,0.5517241379310345,16.0,2.478425269122943
394,0.5542234500892775,1,0.0,32,0.5333333333333333,16.0,2.561039444760375
637,0.5525683223682044,0,0.0,33,0.5333333333333333,16.0,2.643653620397806
639,0.5495286112830238,1,0.0,34,0.5161290322580645,16.0,2.7262677960352373
34,0.543421582666718,1,0.0,35,0.5,16.0,2.808881971672669
692,0.5360850728751303,1,0.0,36,0.48484848484848486,16.0,2.8914961473101
593,0.534486798549821,0,0.0,37,0.48484848484848486,16.0,2.974110322947532
331,0.527691414572969,1,0.0,38,0.47058823529411764,16.0,3.056724498584963
428,0.52766565752046,0,0.0,39,0.47058823529411764,16.0,3.1393386742223948
443,0.5274127109239171,1,0.0,40,0.45714285714285713,16.0,3.221952849859826
764,0.5267202085940352,0,0.0,41,0.45714285714285713,16.0,3.3045670254972577
869,0.5164303229279662,0,0.0,42,0.45714285714285713,16.0,3.387181201134689
776,0.5121139076763296,1,0.0,43,0.4444444444444444,16.0,3.4697953767721206
573,0.5111316695298934,1,0.0,44,0.43243243243243246,16.0,3.552409552409552
786,0.4971983427453158,0,0.0,45,0.43243243243243246,16.0,3.6350237280469835
202,0.4939904017776073,1,1.0,46,0.4473684210526316,17.0,3.7176379036844147
399,0.4872644618075611,1,0.0,47,0.4358974358974359,17.0,3.8002520793218464
78,0.4860216184484301,1,1.0,48,0.45,18.0,3.8828662549592776
283,0.4816041292338692,0,0.0,49,0.45,18.0,3.965480430596709
578,0.480697344959998,1,0.0,50,0.43902439024390244,18.0,4.04809460623414
390,0.4796034655592232,1,1.0,51,0.4523809523809524,19.0,4.130708781871572
349,0.4731569951290275,1,1.0,52,0.46511627906976744,20.0,4.213322957509003
100,0.4721099731534496,1,1.0,53,0.4772727272727273,21.0,4.295937133146435
368,0.4713790058161252,1,1.0,54,0.4888888888888889,22.0,4.378551308783866
613,0.4645713844466169,1,0.0,55,0.4782608695652174,22.0,4.461165484421298
209,0.460865438373829,1,1.0,56,0.48936170212765956,23.0,4.543779660058729
982,0.4527205520291836,0,1.0,57,0.3893617021276595,18.3,4.6263938356961605
844,0.4526320548360439,1,0.0,58,0.37916666666666665,18.2,4.709008011333592
809,0.4524336881638113,1,0.0,59,0.3693877551020408,18.1,4.791622186971024
450,0.4477157721939226,1,1.0,60,0.38,19.0,4.874236362608455
501,0.4471145778651282,1,0.0,61,0.37058823529411766,18.9,4.956850538245886
906,0.4414038515744811,0,0.0,62,0.3796791443850267,19.363636363636363,5.0394647138833175
329,0.4381046162147328,1,1.0,63,0.3898601398601399,20.272727272727273,5.12207888952075
769,0.4376648714832111,1,1.0,64,0.3996569468267581,21.18181818181818,5.204693065158181
824,0.4364309195121862,0,1.0,65,0.32389937106918243,17.166666666666664,5.287307240795612
865,0.4346466914748164,0,1.0,66,0.2597968069666183,13.76923076923077,5.369921416433043
136,0.4341222251028157,1,0.0,67,0.2507122507122507,13.538461538461537,5.452535592070475
711,0.4327161434262807,1,0.0,68,0.24195804195804194,13.307692307692307,5.535149767707907
815,0.4315709246598086,1,0.0,69,0.23351648351648352,13.076923076923077,5.617763943345338
381,0.4294522038652485,1,1.0,70,0.24291497975708498,13.846153846153845,5.700378118982769
829,0.4262539930604215,1,0.0,71,0.23474801061007955,13.615384615384615,5.7829922946202
540,0.4229362774751327,1,1.0,72,0.2438070404172099,14.384615384615385,5.8656064702576325
584,0.4221589265610769,1,1.0,73,0.25256410256410255,15.153846153846155,5.948220645895064
75,0.4188924079759274,1,1.0,74,0.2610340479192938,15.923076923076923,6.030834821532495
504,0.4175128249091759,1,1.0,75,0.2692307692307692,16.692307692307693,6.113448997169926
438,0.4164086717707383,1,1.0,76,0.2771672771672771,17.461538461538463,6.196063172807358
148,0.4158232004423103,1,0.0,77,0.2692307692307692,17.23076923076923,6.2786773484447895
979,0.415671976794088,0,1.0,78,0.2142857142857143,13.714285714285715,6.361291524082221
921,0.414880055330403,0,0.0,79,0.23333333333333334,14.933333333333334,6.443905699719652
616,0.4148635004562172,1,0.0,80,0.22564102564102567,14.666666666666668,6.526519875357084
292,0.4123176688316681,1,0.0,81,0.2181818181818182,14.399999999999999,6.609134050994515
50,0.4106369642008155,0,0.0,82,0.23484848484848486,15.5,6.691748226631947
89,0.4098924827697704,1,0.0,83,0.22761194029850745,15.25,6.774362402269378
528,0.4073774631846548,1,1.0,84,0.23529411764705882,16.0,6.856976577906809
270,0.4054485606133038,0,0.0,85,0.25,17.0,6.939590753544241
617,0.4048165752390378,1,0.0,86,0.24296675191815859,16.764705882352942,7.022204929181672
269,0.4047788649646557,1,1.0,87,0.2504201680672269,17.529411764705884,7.104819104819104
237,0.4046599401451157,1,1.0,88,0.25766362883181443,18.294117647058822,7.187433280456535
567,0.4028045654493409,0,1.0,89,0.21517996870109546,15.277777777777779,7.270047456093967
970,0.4025217458035379,1,0.0,90,0.20833333333333331,15.0,7.352661631731398
724,0.3938908931414697,1,1.0,91,0.21537290715372903,15.722222222222221,7.435275807368829
771,0.3907640907539861,0,0.0,92,0.22999279019466473,16.789473684210527,7.517889983006261
461,0.3866106870782652,0,0.0,93,0.24315068493150682,17.75,7.600504158643693
643,0.383388173347668,0,0.0,94,0.25505544683626874,18.61904761904762,7.683118334281124
221,0.3811653290339299,1,0.0,95,0.24839124839124843,18.38095238095238,7.765732509918555
923,0.3775651356351266,1,1.0,96,0.25523809523809526,19.142857142857142,7.8483466855559865
76,0.3765737326035803,1,0.0,97,0.24874686716791983,18.904761904761905,7.930960861193418
115,0.3758910853692404,1,0.0,98,0.24242424242424243,18.666666666666668,8.013575036830849
141,0.3755393429290912,1,0.0,99,0.23626373626373626,18.428571428571427,8.09618921246828
900,0.3724869663241595,0,0.0,100,0.24708624708624707,19.272727272727273,8.178803388105713
697,0.3719656628063907,1,1.0,101,0.2537399309551208,20.045454545454547,8.261417563743144
945,0.371530611680278,0,0.0,102,0.26362135388002206,20.82608695652174,8.344031739380576
53,0.3603646901457243,1,0.0,103,0.2576086956521739,20.608695652173914,8.426645915018007
720,0.3565635679134445,0,0.0,104,0.2666666666666666,21.333333333333332,8.509260090655438
607,0.3538666413039782,0,0.0,105,0.27499999999999997,22.0,8.59187426629287
27,0.3512404830324827,0,1.0,106,0.2442307692307692,19.538461538461537,8.6744884419303
16,0.34702491376663,0,0.0,107,0.25277777777777777,20.22222222222222,8.757102617567732
933,0.3453210572030294,0,0.0,108,0.2607142857142857,20.857142857142858,8.839716793205165
545,0.3444011375206628,1,0.0,109,0.2548500881834215,20.642857142857142,8.922330968842596
914,0.3432769012037073,1,0.0,110,0.2491289198606272,20.42857142857143,9.004945144480027
333,0.3426893249712132,0,0.0,111,0.25651808242220353,21.03448275862069,9.087559320117458
47,0.3401706568833181,1,1.0,112,0.2629829663481512,21.82758620689655,9.17017349575489
640,0.3385576480490243,0,0.0,113,0.26987951807228916,22.4,9.252787671392321
779,0.3356906330934223,1,0.0,114,0.2642857142857143,22.200000000000003,9.335401847029752
698,0.3350500166392873,1,1.0,115,0.27058823529411763,23.0,9.418016022667183
298,0.3349122662138347,1,1.0,116,0.27674418604651163,23.8,9.500630198304615
522,0.333185294298837,1,0.0,117,0.2712643678160919,23.6,9.583244373942048
747,0.3326183392535106,1,1.0,118,0.2772727272727273,24.400000000000002,9.665858549579479
499,0.330372286488983,1,0.0,119,0.27191011235955054,24.2,9.74847272521691
249,0.3303344015981709,0,0.0,120,0.27836172526277636,24.774193548387096,9.831086900854341
628,0.3267149258697583,0,0.0,121,0.28441011235955055,25.3125,9.913701076491773
797,0.3231250612689443,1,0.0,122,0.2791666666666667,25.125,9.996315252129204
987,0.3223932850893183,1,1.0,123,0.2850274725274725,25.9375,10.078929427766635
155,0.3221434476483571,0,1.0,124,0.26040626040626036,23.696969696969695,10.161543603404066
905,0.3198917313721994,0,0.0,125,0.26664511958629605,24.264705882352942,10.2441577790415
129,0.3181893376022633,1,1.0,126,0.27237851662404094,25.058823529411764,10.32677195467893
341,0.3180451043771292,1,1.0,127,0.27798861480075904,25.852941176470587,10.409386130316362
964,0.3153600949416658,0,0.0,128,0.2838709677419355,26.400000000000002,10.492000305953793
862,0.3125217334224507,1,0.0,129,0.27872340425531916,26.200000000000003,10.574614481591224
533,0.3121610073300106,0,0.0,130,0.2842789598108747,26.72222222222222,10.657228657228655
432,0.3082179706575079,1,0.0,131,0.2792397660818713,26.52777777777778,10.739842832866087
475,0.3065745774172261,1,0.0,132,0.2743055555555556,26.333333333333336,10.822457008503518
419,0.30423966254294,1,1.0,133,0.2797823596792669,27.138888888888886,10.90507118414095
684,0.3041080699575712,0,0.0,134,0.2850376149345221,27.64864864864865,10.987685359778382
463,0.304022403046122,0,0.0,135,0.29001627780792183,28.13157894736842,11.070299535415813
773,0.3032726887315004,0,1.0,136,0.2690985989955062,26.102564102564102,11.152913711053245
490,0.3028335229036285,0,1.0,137,0.24922680412371132,24.175,11.235527886690676
58,0.3015400564622038,0,0.0,138,0.25471460900176013,24.70731707317073,11.318142062328107
622,0.3009514965814036,1,1.0,139,0.26007964161274266,25.48780487804878,11.400756237965538
134,0.3001552281083393,1,0.0,140,0.2552352796255235,25.26829268292683,11.48337041360297
517,0.2983196126052419,1,0.0,141,0.2504878048780488,25.04878048780488,11.5659845892404
458,0.2966855948577072,0,0.0,142,0.25571428571428567,25.571428571428573,11.648598764877834
774,0.2963813560217406,0,0.0,143,0.2606976744186046,26.069767441860463,11.731212940515265
257,0.2949633638032498,0,0.0,144,0.2654545454545454,26.545454545454543,11.813827116152696
276,0.2932873571212663,0,0.0,145,0.26999999999999996,27.0,11.896441291790127
95,0.2930751925284361,0,0.0,146,0.2743478260869565,27.434782608695652,11.979055467427559
109,0.2926800241772164,1,0.0,147,0.26969436074042186,27.23913043478261,12.06166964306499
337,0.2901196231821531,1,0.0,148,0.26513213981244665,27.043478260869563,12.144283818702421
110,0.2885829400354809,0,1.0,149,0.24801835627868166,25.297872340425535,12.226897994339852
395,0.2854378349811691,0,0.0,150,0.25245098039215685,25.75,12.309512169977284
49,0.2839616835821258,0,0.0,151,0.25670268107242894,26.183673469387756,12.392126345614717
623,0.282226786753036,0,0.0,152,0.26078431372549016,26.6,12.474740521252148
227,0.2819510203560108,1,0.0,153,0.2563106796116505,26.4,12.557354696889579
167,0.2810381325905202,0,1.0,154,0.24062440510184657,24.784313725490197,12.63996887252701
978,0.2805292346323516,0,0.0,155,0.24477221807318897,25.21153846153846,12.722583048164442
223,0.2793779755907027,1,0.0,156,0.2403846153846154,25.0,12.805197223801873
530,0.2781339194728084,0,0.0,157,0.24437590711175616,25.41509433962264,12.887811399439304
879,0.2778363256795579,1,1.0,158,0.24959568733153636,26.20754716981132,12.970425575076735
960,0.2773251151110885,0,0.0,159,0.25343915343915346,26.61111111111111,13.053039750714168
282,0.276046542528924,1,0.0,160,0.2491264849755416,26.40740740740741,13.1356539263516
358,0.2750512677543471,1,1.0,161,0.2542402215299412,27.203703703703706,13.21826810198903
410,0.273914541608047,1,0.0,162,0.25,27.0,13.300882277626462
185,0.2728504299394531,1,0.0,163,0.24583758069996606,26.796296296296294,13.383496453263893
130,0.2703921598837232,1,0.0,164,0.24175084175084174,26.59259259259259,13.466110628901324
215,0.2703799016657945,1,0.0,165,0.23773773773773774,26.388888888888893,13.548724804538756
224,0.2664057609115254,0,0.0,166,0.24144144144144142,26.8,13.631338980176187
853,0.2643510844031559,0,0.0,167,0.24501287001287,27.19642857142857,13.713953155813618
739,0.2608669693588274,1,0.0,168,0.24107142857142858,27.0,13.796567331451051
375,0.2558107789831993,1,0.0,169,0.23719974715549938,26.80357142857143,13.879181507088482
591,0.2554324748784995,0,0.0,170,0.24064586244371994,27.192982456140353,13.961795682725914
932,0.2542616354881867,1,0.0,171,0.2368421052631579,27.0,14.044409858363345
585,0.2539989947371302,0,0.0,172,0.24016938898971568,27.379310344827587,14.127024034000776
929,0.2533432525068676,1,0.0,173,0.23643178410794602,27.189655172413794,14.209638209638207
391,0.2525300506834741,1,0.0,174,0.2327586206896552,27.0,14.292252385275638
256,0.252471718221316,0,0.0,175,0.2359731151373466,27.3728813559322,14.37486656091307
18,0.2524685290660826,0,0.0,176,0.23908045977011497,27.733333333333334,14.457480736550503
535,0.2517033384136156,1,1.0,177,0.244017094017094,28.55,14.540094912187934
671,0.2483741611822006,0,0.0,178,0.2470225584979683,28.901639344262296,14.622709087825365
828,0.2479647194953393,1,0.0,179,0.243400944706863,28.721311475409838,14.705323263462796
439,0.2467484962139575,0,0.0,180,0.24630945872061233,29.064516129032256,14.787937439100228
624,0.2458262294966612,1,0.0,181,0.24274871238818108,28.887096774193548,14.870551614737659
848,0.2445063578395594,0,0.0,182,0.24556489262371617,29.22222222222222,14.95316579037509
611,0.2438926350760544,0,0.0,183,0.24829306722689076,29.546875,15.035779966012521
514,0.2437073296333483,1,1.0,184,0.253125,30.375,15.118394141649953
152,0.243356422161285,1,0.0,185,0.2496126033057851,30.203125,15.201008317287386
784,0.2409554643153839,0,0.0,186,0.25225683407501587,30.52307692307692,15.283622492924817
478,0.2398920515241478,0,0.0,187,0.2548209366391184,30.833333333333336,15.366236668562248
177,0.239654836110939,1,0.0,188,0.2513661202185793,30.666666666666668,15.44885084419968
621,0.2386157444130298,0,0.0,189,0.25385368240763395,30.970149253731343,15.53146501983711
11,0.2382779713924097,1,1.0,190,0.25858512316466453,31.80597014925373,15.614079195474542
321,0.2367286144040148,1,0.0,191,0.2551757342320655,31.64179104477612,15.696693371111973
64,0.2367201536439619,1,0.0,192,0.25182089552238807,31.477611940298505,15.779307546749404
934,0.2365650894801749,1,0.0,193,0.24851930822080073,31.313432835820894,15.861921722386835
867,0.2343997190064848,0,0.0,194,0.25093370681605975,31.61764705882353,15.944535898024268
805,0.2338900062621108,0,0.0,195,0.2532781228433402,31.91304347826087,16.027150073661698
559,0.2317100717814831,0,0.0,196,0.25555555555555554,32.2,16.10976424929913
820,0.2311805364852609,0,0.0,197,0.2577688352336239,32.47887323943662,16.19237842493656
440,0.2305391221643313,1,0.0,198,0.2545192414328491,32.32394366197183,16.274992600573995
229,0.2304806168080304,1,0.0,199,0.25132042253521125,32.16901408450704,16.357606776211426
142,0.2281256902946883,1,1.0,200,0.2559231357135059,33.014084507042256,16.440220951848858
1000,0.2278096786742916,1,0.0,201,0.25276273022751894,32.859154929577464,16.52283512748629
598,0.2272852630261712,1,0.0,202,0.249650575206967,32.70422535211267,16.60544930312372
287,0.2242188889445563,1,1.0,203,0.2541613316261204,33.54929577464789,16.68806347876115
66,0.2215911555056516,0,0.0,204,0.2563131313131313,33.833333333333336,16.770677654398582
164,0.2213534979952335,1,0.0,205,0.25323725981620715,33.68055555555556,16.853291830036014
128,0.2199209643076732,1,1.0,206,0.2576699834162521,34.52777777777778,16.935906005673445
10,0.2197996459934489,0,0.0,207,0.25976282968718056,34.80821917808219,17.018520181310876
308,0.2186290716821287,0,0.0,208,0.26179911254538124,35.08108108108108,17.101134356948307
409,0.2166677951422246,0,0.0,209,0.2637810945273632,35.346666666666664,17.18374853258574
176,0.216198676692406,1,1.0,210,0.26814814814814814,36.2,17.26636270822317
91,0.2142910926782162,1,0.0,211,0.26509803921568625,36.053333333333335,17.3489768838606
548,0.2141347951199684,0,0.0,212,0.26702786377708976,36.315789473684205,17.431591059498032
139,0.2102045646433057,0,0.0,213,0.2689075630252101,36.57142857142857,17.514205235135464
606,0.209277924877524,1,0.0,214,0.2659019812304484,36.42857142857143,17.596819410772895
137,0.2092684019202141,0,0.0,215,0.2677334830619502,36.67948717948718,17.67943358641033
579,0.2090139914570776,1,0.0,216,0.26477146042363436,36.53846153846154,17.76204776204776
163,0.2090002859832248,0,0.0,217,0.2665565951201615,36.78481012658228,17.844661937685192
3,0.2075028555663115,1,0.0,218,0.26363719151261267,36.64556962025316,17.927276113322623
926,0.2074846977261678,0,0.0,219,0.2653776978417266,36.8875,18.009890288960055
200,0.2065589777257311,1,0.0,220,0.2625,36.75,18.092504464597486
44,0.2065209530932105,1,1.0,221,0.26675531914893613,37.6125,18.175118640234917
902,0.2062654856805167,1,0.0,222,0.26390845070422536,37.475,18.257732815872348
816,0.2055458015133864,1,0.0,223,0.2611013986013986,37.3375,18.34034699150978
469,0.2044614927754751,0,0.0,224,0.26279892946559613,37.58024691358025,18.42296116714721
843,0.2031715278632397,0,1.0,225,0.2522599351867645,36.07317073170732,18.505575342784642
811,0.2027957376047043,1,1.0,226,0.2564363143631436,36.92682926829268,18.588189518422073
688,0.2017953047651871,0,0.0,227,0.2581994645247657,37.18072289156626,18.670803694059504
182,0.2015383305403629,1,0.0,228,0.25542168674698795,37.036144578313255,18.753417869696936
893,0.2011770349824003,0,0.0,229,0.2571428571428572,37.285714285714285,18.836032045334367
634,0.2007836988336194,0,0.0,230,0.25882352941176473,37.529411764705884,18.918646220971798
665,0.2003116717752223,1,1.0,231,0.2629331184528606,38.38823529411765,19.00126039660923
661,0.1987952867776732,0,1.0,232,0.2529467983434215,36.93023255813954,19.083874572246664
757,0.197089374761692,0,0.0,233,0.2546843016847741,37.18390804597701,19.166488747884095
315,0.1953787391355077,0,1.0,234,0.2450186799501868,35.77272727272727,19.249102923521527
246,0.1952066732790932,1,0.0,235,0.242269635126778,35.61363636363636,19.331717099158958
39,0.1940847198295393,0,1.0,236,0.23282121837499045,34.2247191011236,19.41433127479639
480,0.1930649079930986,0,0.0,237,0.23469387755102042,34.5,19.49694545043382
814,0.1916885767984074,0,0.0,238,0.23652537938252224,34.769230769230774,19.57955962607125
353,0.1914837473563894,0,0.0,239,0.2383170659568175,35.03260869565217,19.662173801708683
917,0.1902987004577464,0,0.0,240,0.24007022163704192,35.29032258064517,19.744787977346114
837,0.1901816023310503,1,1.0,241,0.24411508282476027,36.12903225806451,19.827402152983545
335,0.1901514946882598,0,0.0,242,0.24583093732029904,36.38297872340425,19.910016328620976
627,0.18974833360444,0,0.0,243,0.24751066856330017,36.631578947368425,19.992630504258408
534,0.1875019781066391,0,0.0,244,0.24915540540540543,36.875,20.07524467989584
350,0.1864833504253457,0,0.0,245,0.25076623014767346,37.11340206185567,20.15785885553327
543,0.1855175862153383,0,1.0,246,0.24214009928295646,35.83673469387755,20.2404730311707
184,0.1846658714401809,0,1.0,247,0.23368823368823372,34.58585858585859,20.323087206808133
817,0.1830791174626136,1,0.0,248,0.23096739204121752,34.41414141414141,20.405701382445564
165,0.1828103400309609,1,0.0,249,0.2282828282828283,34.24242424242424,20.488315558083
947,0.1802015979194435,1,0.0,250,0.2256338216603117,34.07070707070707,20.57092973372043
85,0.1753269541340117,0,0.0,251,0.2273509933774834,34.33,20.65354390935786
549,0.1744848262121059,1,0.0,252,0.22473684210526315,34.16,20.736158084995292
552,0.1742097722389824,0,0.0,253,0.22642001042209484,34.415841584158414,20.818772260632723
171,0.1735454727768939,1,0.0,254,0.2238400310619297,34.24752475247524,20.901386436270155
236,0.1716777048922374,1,0.0,255,0.2212935579272213,34.07920792079208,20.984000611907586
710,0.1712476178669158,0,0.0,256,0.22294372294372297,34.333333333333336,21.066614787545017
143,0.170922575805895,1,0.0,257,0.22043010752688172,34.16666666666667,21.14922896318245
125,0.1706245876970334,1,1.0,258,0.22435897435897437,35.0,21.23184313881988
302,0.1695547534147502,0,1.0,259,0.21626835947224296,33.737864077669904,21.31445731445731
930,0.1691612228912293,1,0.0,260,0.21377775029373572,33.5631067961165,21.397071490094742
519,0.1688045015017391,0,0.0,261,0.2154581087702107,33.82692307692308,21.479685665732173
411,0.1673001387306999,1,0.0,262,0.21299902629016554,33.65384615384615,21.562299841369605
296,0.1667348556758063,1,1.0,263,0.21686018384131595,34.48076923076923,21.644914017007036
537,0.1636282336407846,1,1.0,264,0.22067307692307692,35.30769230769231,21.727528192644467
626,0.1616607467677827,0,0.0,265,0.22232142857142856,35.57142857142857,21.8101423682819
694,0.1614245134784812,0,0.0,266,0.22393867924528302,35.83018867924528,21.892756543919333
226,0.1613206827306589,1,0.0,267,0.22149302707137,35.660377358490564,21.975370719556764
168,0.1607507935906366,1,0.0,268,0.21907756813417192,35.490566037735846,22.057984895194195
901,0.1598151435601446,1,1.0,269,0.222826716055099,36.32075471698113,22.140599070831627
216,0.1595252635425448,1,0.0,270,0.22043258168430743,36.15094339622641,22.223213246469058
493,0.159283139622353,0,0.0,271,0.22201960337360385,36.41121495327103,22.30582742210649
741,0.158891606333555,1,1.0,272,0.22571509487397337,37.242990654205606,22.38844159774392
103,0.1588291149656518,0,1.0,273,0.218013468013468,35.97222222222223,22.47105577338135
841,0.1583388744733034,0,0.0,274,0.21962746733388933,36.23853211009174,22.553669949018783
995,0.1582620211297024,0,0.0,275,0.2212121212121212,36.5,22.636284124656214
33,0.1563577249292568,0,1.0,276,0.21375921375921375,35.270270270270274,22.718898300293645
422,0.1520880863343107,0,0.0,277,0.21536796536796535,35.535714285714285,22.801512475931077
875,0.1512600039395958,0,1.0,278,0.20809868597479214,34.336283185840706,22.884126651568508
750,0.1510133863080203,0,0.0,279,0.20972886762360446,34.60526315789474,22.96674082720594
961,0.1497311728327299,1,0.0,280,0.20735573874445148,34.421052631578945,23.04935500284337
239,0.149648433844043,0,0.0,281,0.20895756940806703,34.68695652173913,23.1319691784808
948,0.1488501402348107,0,0.0,282,0.21053178230162026,34.94827586206897,23.214583354118233
248,0.1478571713651197,0,0.0,283,0.21207908557306146,35.205128205128204,23.297197529755667
376,0.1472534621700446,0,0.0,284,0.2136001633653257,35.45762711864407,23.3798117053931
907,0.1440594596659852,1,0.0,285,0.2112554551913123,35.27966101694915,23.46242588103053
558,0.1440285619217638,0,1.0,286,0.20434760730639562,34.12605042016807,23.54504005666796
729,0.1437839300557549,0,0.0,287,0.20588822355289424,34.38333333333333,23.627654232305392
159,0.1432365148093762,1,1.0,288,0.20952380952380953,35.2,23.710268407942824
887,0.1399579193549942,0,0.0,289,0.21103896103896103,35.45454545454545,23.792882583580255
597,0.1391323047401184,1,0.0,290,0.2087143625605164,35.27272727272727,23.875496759217686
214,0.1380340716315637,1,1.0,291,0.2122994652406417,36.09090909090909,23.958110934855117
859,0.1375548810905358,0,0.0,292,0.2137897782063645,36.34426229508197,24.04072511049255
553,0.1373809499262205,1,1.0,293,0.21733294986099125,37.16393442622951,24.12333928612998
647,0.1363293867222328,0,1.0,294,0.2106689487947511,36.024390243902445,24.20595346176741
43,0.1357031730624208,0,1.0,295,0.20411243161667608,34.90322580645161,24.288567637404842
6,0.1343479926130475,0,0.0,296,0.20566081871345027,35.168,24.371181813042273
734,0.1343465993009643,1,0.0,297,0.2033488372093023,34.976,24.453795988679705
884,0.1336877432675857,0,0.0,298,0.20487264673311184,35.23809523809524,24.536410164317136
689,0.1334230189008087,1,0.0,299,0.20258739333883846,35.04761904761905,24.619024339954567
98,0.1313250637168544,0,0.0,300,0.20408720586227302,35.30708661417323,24.701638515592002
483,0.1288700620943313,1,0.0,301,0.20182821974839354,35.118110236220474,24.784252691229433
243,0.12877037904767,0,0.0,302,0.20330459770114945,35.375,24.866866866866864
12,0.1282002185080267,1,1.0,303,0.2067857142857143,36.1875,24.949481042504296
839,0.1276599306398714,1,0.0,304,0.20454545454545453,36.0,25.032095218141727
830,0.1270101382490744,0,0.0,305,0.20599894291754756,36.25581395348837,25.114709393779158
494,0.125017955092791,1,0.0,306,0.2037839968466693,36.06976744186046,25.19732356941659
7,0.1241980168468987,1,1.0,307,0.20721191533838518,36.883720930232556,25.27993774505402
211,0.1241014460862982,0,0.0,308,0.20864304235090753,37.13846153846154,25.362551920691452
679,0.1231743720285024,0,0.0,309,0.21005232009606314,37.38931297709924,25.445166096328883
24,0.1214265326147366,0,0.0,310,0.21144024514811033,37.63636363636364,25.527780271966314
895,0.1210353201049252,0,0.0,311,0.2128072991467433,37.8796992481203,25.610394447603746
189,0.1208932508464142,0,0.0,312,0.21415394935435186,38.11940298507463,25.693008623241177
158,0.1206191110795177,0,0.0,313,0.21548064918851437,38.355555555555554,25.775622798878608
208,0.1206028321041227,1,1.0,314,0.21887026691495967,39.17777777777778,25.85823697451604
959,0.1183678467633153,0,0.0,315,0.22017745645744333,39.411764705882355,25.94085115015347
149,0.1179623073577601,1,1.0,316,0.2235294117647059,40.23529411764706,26.0234653257909
217,0.1164498565484823,0,0.0,317,0.2248175182481752,40.46715328467153,26.106079501428336
803,0.1158825559670747,0,0.0,318,0.22608695652173916,40.69565217391305,26.188693677065768
2,0.1156302538767535,1,1.0,319,0.22940187364881098,41.52173913043478,26.2713078527032
834,0.1152590418482605,0,1.0,320,0.2234588020191582,40.44604316546763,26.35392202834063
973,0.1129468364317409,1,0.0,321,0.22124278599098746,40.26618705035971,26.43653620397806
403,0.1110884809326014,0,0.0,322,0.22252747252747254,40.5,26.519150379615493
106,0.1102509429717895,0,0.0,323,0.22379393655989402,40.730496453900706,26.601764555252924
418,0.109518525327396,1,1.0,324,0.22706662016044646,41.5531914893617,26.684378730890355
509,0.108965579334095,0,0.0,325,0.22831524667128456,41.78169014084507,26.766992906527786
852,0.1087743877128215,1,1.0,326,0.2315523576240049,42.6056338028169,26.849607082165218
957,0.1079366900239619,0,0.0,327,0.23278352082699907,42.83216783216783,26.93222125780265
120,0.1043968811107798,1,0.0,328,0.2305802305802306,42.65734265734265,27.01483543344008
111,0.1037185054145353,0,0.0,329,0.23179429429429432,42.88194444444444,27.09744960907751
68,0.1026190342696217,1,1.0,330,0.23499103942652333,43.70833333333333,27.180063784714942
819,0.1009939529192468,0,0.0,331,0.23618835743418615,43.931034482758626,27.262677960352374
424,0.1001861874613712,1,0.0,332,0.23400331919601697,43.758620689655174,27.345292135989805
37,0.0979117815919426,0,0.0,333,0.2351842355871365,43.97945205479452,27.427906311627236
538,0.097693279460425,0,0.0,334,0.2363490850885809,44.197278911564624,27.51052048726467
511,0.0973878704464402,1,0.0,335,0.2341872919380518,44.027210884353735,27.593134662902102
686,0.0956361462636003,0,0.0,336,0.23533640023001723,44.24324324324324,27.675748838539533
479,0.0908034734897952,1,1.0,337,0.23848848848848847,45.07432432432432,27.758363014176965
71,0.0900421723146537,1,0.0,338,0.2363442389758179,44.9054054054054,27.840977189814396
332,0.0899121210453787,1,0.0,339,0.23422244233762557,44.736486486486484,27.923591365451827
105,0.0887484967162932,1,1.0,340,0.23733108108108109,45.567567567567565,28.00620554108926
400,0.0864709883571957,0,0.0,341,0.23846476510067113,45.78523489932886,28.08881971672669
473,0.0854321196376423,0,0.0,342,0.23958333333333334,46.0,28.17143389236412
470,0.0851934922210032,1,1.0,343,0.24265975820379967,46.833333333333336,28.254048068001552
744,0.0845933764683813,0,0.0,344,0.24376351096318155,47.04635761589404,28.336662243638983
114,0.083728751353453,0,0.0,345,0.24485274065994,47.256578947368425,28.419276419276414
361,0.0835348603468911,0,0.0,346,0.2459277320600088,47.4640522875817,28.501890594913846
22,0.0818845477785268,1,1.0,347,0.24897244121016102,48.30065359477125,28.584504770551277
318,0.0811595537029385,0,0.0,348,0.2500334716829562,48.506493506493506,28.667118946188708
749,0.0805088839718324,0,1.0,349,0.24462919853674756,47.45806451612903,28.74973312182614
600,0.080135521536241,1,1.0,350,0.24764267990074443,48.29032258064516,28.83234729746357
940,0.0799381083249599,1,0.0,351,0.24552337063857801,48.12258064516129,28.914961473101005
384,0.0794685340955161,0,0.0,352,0.24659863945578234,48.333333333333336,28.997575648738437
252,0.0783226570014027,1,1.0,353,0.2495769881556684,49.16666666666667,29.080189824375868
374,0.0778517208430508,1,1.0,354,0.2525252525252525,50.0,29.1628040000133
63,0.0746956829183671,0,0.0,355,0.2535868236505179,50.21019108280255,29.24541817565073
415,0.073048209738895,0,0.0,356,0.2546349571666027,50.41772151898734,29.32803235128816
770,0.0722255784353569,1,0.0,357,0.2525284651103619,50.25316455696203,29.410646526925593
968,0.0721039618401824,0,0.0,358,0.253563414557062,50.45911949685535,29.493260702563024
144,0.0706161697887635,0,0.0,359,0.25458542713567833,50.6625,29.575874878200455
860,0.0702434205257417,0,0.0,360,0.2555947439058647,50.86335403726708,29.658489053837886
147,0.0641536658197326,1,0.0,361,0.2535093167701863,50.70186335403727,29.741103229475318
974,0.0636009742941484,1,0.0,362,0.25144464015327095,50.54037267080745,29.82371740511275
240,0.0625377467704502,0,0.0,363,0.25244149622259077,50.74074074074074,29.90633158075018
449,0.0610267553356107,0,0.0,364,0.2534261209290969,50.938650306748464,29.98894575638761
104,0.0604618714264234,0,0.0,365,0.2543987380172309,51.13414634146341,30.071559932025043
685,0.0596396773501675,0,1.0,366,0.24929895974672095,50.10909090909091,30.154174107662474
233,0.0586693480390573,1,0.0,367,0.24725472547254723,49.945454545454545,30.236788283299905
633,0.0584208349450442,1,0.0,368,0.245230631437528,49.78181818181818,30.31940245893734
682,0.0583093895101799,1,0.0,369,0.24322638146167558,49.61818181818182,30.40201663457477
789,0.0564584640233652,1,0.0,370,0.2412416851441242,49.45454545454545,30.484630810212202
83,0.0552043641134734,1,0.0,371,0.23927625772285965,49.29090909090909,30.567244985849634
234,0.055145976796221,0,0.0,372,0.24026201894958474,49.493975903614455,30.649859161487065
996,0.0542425606244925,0,0.0,373,0.24123597465263646,49.69461077844311,30.732473337124496
518,0.051184239205732,0,0.0,374,0.24219833564493756,49.89285714285714,30.815087512761927
193,0.0485302806540473,0,0.0,375,0.24314930774975582,50.0887573964497,30.89770168839936
762,0.0475248394732104,0,0.0,376,0.2440890919474586,50.28235294117647,30.98031586403679
357,0.0460981876277717,1,1.0,377,0.2469735720375107,51.12352941176471,31.06293003967422
826,0.0439705393875444,1,1.0,378,0.24983031674208145,51.96470588235294,31.145544215311652
972,0.0411398884143288,1,1.0,379,0.25265972417675203,52.805882352941175,31.228158390949083
430,0.0409594660818437,0,0.0,380,0.2535885167464115,53.0,31.310772566586515
471,0.0389059842865244,1,0.0,381,0.25162907268170426,52.84210526315789,31.393386742223946
523,0.0385237328516329,0,0.0,382,0.252547065337763,53.03488372093023,31.476000917861377
894,0.0377120941930114,0,1.0,383,0.24767409854115055,52.01156069364162,31.55861509349881
878,0.0372291372658644,0,0.0,384,0.24860426929392446,52.20689655172414,31.64122926913624
653,0.0365455949509539,0,0.0,385,0.2495238095238095,52.4,31.72384344477367
423,0.0356039183206866,1,0.0,386,0.24758293838862558,52.24,31.806457620411106
401,0.035360036433688,1,0.0,387,0.24566037735849058,52.08,31.889071796048537
777,0.0347252612649438,0,0.0,388,0.2465694682675815,52.27272727272727,31.971685971685968
72,0.0343180534837235,0,0.0,389,0.24746828696301035,52.46327683615819,32.054300147323396
304,0.0333285353131554,0,0.0,390,0.24835700657197374,52.651685393258425,32.13691432296083
121,0.0327727401911074,1,0.0,391,0.2464524977580841,52.49438202247191,32.21952849859826
506,0.0326044272674735,0,0.0,392,0.24733128753901434,52.68156424581006,32.30214267423569
872,0.0324167716663721,0,0.0,393,0.24820031298904538,52.86666666666667,32.38475684987312
222,0.0318515459842362,0,0.0,394,0.24905973594791586,53.049723756906076,32.46737102551056
832,0.0315614396159008,1,1.0,395,0.25184592347808127,53.89502762430939,32.54998520114799
160,0.0307762998386488,1,1.0,396,0.25460619298471027,54.74033149171271,32.63259937678542
279,0.0305469622002783,1,0.0,397,0.2527112748107223,54.58563535911602,32.71521355242285
846,0.0298764745253563,0,0.0,398,0.25356125356125353,54.76923076923077,32.797827728060284
154,0.0291300628730288,1,1.0,399,0.2562920950017724,55.61538461538461,32.880441903697715
733,0.0268223342883141,0,0.0,400,0.25713278436705195,55.797814207650276,32.963056079335146
191,0.0263660744708121,0,1.0,401,0.2525295531957523,54.79891304347826,33.04567025497258
580,0.0262889232240333,1,0.0,402,0.250648185081771,54.641304347826086,33.12828443061001
135,0.0253690467550651,0,0.0,403,0.2515001239771882,54.82702702702703,33.21089860624744
300,0.0252922575391599,1,0.0,404,0.24963593730717015,54.67027027027027,33.29351278188487
542,0.023714172772686,1,0.0,405,0.24778869778869778,54.51351351351351,33.3761269575223
382,0.0234941731948452,0,0.0,406,0.24863147605083089,54.69892473118279,33.458741133159734
988,0.0217504109407107,0,0.0,407,0.24946524064171122,54.88235294117647,33.541355308797165
365,0.0208617742206663,1,0.0,408,0.24763471822295352,54.72727272727273,33.623969484434596
946,0.0207968903981894,1,1.0,409,0.2503251915016621,55.57219251336898,33.70658366007203
260,0.0205724442880512,1,0.0,410,0.24850723004244502,55.41711229946524,33.78919783570946
301,0.0183709316905553,1,1.0,411,0.2511697860962567,56.2620320855615,33.87181201134689
924,0.0177452799556424,0,0.0,412,0.2519946808510638,56.4468085106383,33.95442618698432
80,0.0174832801358722,0,0.0,413,0.25281084656084657,56.62962962962963,34.03704036262175
693,0.0173332178828659,0,1.0,414,0.24835526315789475,55.631578947368425,34.119654538259184
324,0.0163050420765776,0,0.0,415,0.24918193717277487,55.81675392670157,34.202268713896615
937,0.0157881129361519,1,0.0,416,0.2473763816172193,55.659685863874344,34.284882889534046
952,0.0147376053431729,1,0.0,417,0.24558680442941205,55.50261780104712,34.36749706517148
962,0.0147059237686257,1,0.0,418,0.24381299444149734,55.345549738219894,34.45011124080891
951,0.0144711176427231,0,0.0,419,0.24463105726872247,55.53125,34.53272541644634
976,0.0141694138619317,1,0.0,420,0.24287280701754388,55.375,34.61533959208377
314,0.0140438153297057,0,0.0,421,0.24368239250977186,55.55958549222798,34.6979537677212
792,0.0139590678058293,0,0.0,422,0.24448363175981191,55.74226804123711,34.78056794335863
392,0.013701441945798,0,0.0,423,0.24527665317139002,55.92307692307692,34.863182118996065
441,0.0111995961196624,1,1.0,424,0.24790057104467583,56.76923076923077,34.945796294633496
235,0.0097788386357586,1,0.0,425,0.24615384615384617,56.61538461538461,35.02841047027093
317,0.00912898498585,1,0.0,426,0.24442224442224442,56.46153846153846,35.11102464590836
594,0.0086269533954966,1,1.0,427,0.24701591511936338,57.30769230769231,35.19363882154579
117,0.0081521160287678,1,0.0,428,0.24529547705513371,57.15384615384615,35.27625299718323
447,0.0076213588072409,0,0.0,429,0.24608040641149165,57.33673469387755,35.35886717282066
293,0.0066435441615844,0,0.0,430,0.2468573669418967,57.51776649746193,35.44148134845809
396,0.0062182594909577,1,0.0,431,0.24515163347650654,57.36548223350254,35.52409552409552
758,0.0060732296810406,0,0.0,432,0.2459207459207459,57.54545454545455,35.60670969973295
718,0.0059715719505055,0,0.0,433,0.24668212859167632,57.72361809045226,35.689323875370384
651,0.0058616604371297,0,0.0,434,0.24743589743589742,57.900000000000006,35.771938051007815
931,0.0056438673571337,0,0.0,435,0.24818216609261384,58.07462686567164,35.85455222664525
60,0.0054715960345954,0,1.0,436,0.24397055090124395,57.08910891089109,35.93716640228268
984,0.0029775103618538,0,0.0,437,0.24472653782998607,57.266009852216754,36.01978057792011
502,0.0015205978967904,1,1.0,438,0.24729064039408868,58.11330049261084,36.10239475355754
994,0.0010795502095623,1,0.0,439,0.24559572513985137,57.960591133004925,36.18500892919497
132,0.0005388139563873,0,0.0,440,0.24634430043203723,58.13725490196078,36.2676231048324
882,0.0003407467043878,0,0.0,441,0.24708557255064076,58.31219512195122,36.350237280469834
701,-0.0015316779990937,1,0.0,442,0.2454049603787177,58.1609756097561,36.432851456107265
754,-0.0030791256044592,0,1.0,443,0.24128466674859694,57.18446601941748,36.515465631744696
630,-0.0032068567599655,0,0.0,444,0.24203510059316333,57.36231884057971,36.59807980738213
722,-0.0032488967465437,1,0.0,445,0.24036861121260097,57.207729468599034,36.68069398301956
690,-0.0036497690599375,0,1.0,446,0.23630413703943115,56.24038461538462,36.76330815865699
577,-0.003780195101563,1,0.0,447,0.23465159317669781,56.081730769230774,36.84592233429442
194,-0.0039726762348955,1,0.0,448,0.23301282051282052,55.92307692307693,36.92853650993185
378,-0.004517852589829,1,0.0,449,0.23138764762208747,55.76442307692307,37.011150685569284
713,-0.0051565475521113,0,0.0,450,0.23214675693382836,55.94736842105264,37.093764861206715
285,-0.0051688009992845,1,0.0,451,0.23053501522401043,55.78947368421053,37.176379036844146
485,-0.0065986160767276,1,1.0,452,0.2330517652155079,56.631578947368425,37.25899321248158
188,-0.0067026073646792,0,0.0,453,0.23380364491475603,56.81428571428571,37.34160738811901
367,-0.0071610405179006,0,0.0,454,0.23454839779221032,56.99526066350711,37.42422156375644
991,-0.0073164890548886,0,0.0,455,0.2352861246991226,57.174528301886795,37.50683573939387
393,-0.0117732919144131,1,1.0,456,0.2377822455923291,58.0188679245283,37.5894499150313
755,-0.0141695985201142,1,0.0,457,0.23617635733538697,57.86320754716981,37.672064090668734
77,-0.0148848821247769,0,0.0,458,0.2369071572290888,58.04225352112676,37.754678266306165
387,-0.0151392187203627,1,0.0,459,0.23531432497423568,57.88732394366197,37.837292441943596
138,-0.0169070703066659,0,0.0,460,0.2360382949623889,58.06542056074766,37.91990661758103
13,-0.0215162420855936,1,0.0,461,0.23445836013470053,57.91121495327103,38.00252079321846
654,-0.0226024575826844,1,0.0,462,0.23289116671691287,57.757009345794394,38.0851349688559
199,-0.0227877386590488,0,0.0,463,0.2336084021005251,57.93488372093023,38.16774914449333
745,-0.02334409994327,0,0.0,464,0.2343189964157706,58.111111111111114,38.25036332013076
271,-0.0235075331688948,1,0.0,465,0.23276439089692103,57.958333333333336,38.33297749576819
748,-0.0240522562290489,0,0.0,466,0.2334684359558048,58.13364055299539,38.41559167140562
743,-0.0241032908772904,0,0.0,467,0.23416602188570798,58.30733944954129,38.49820584704305
145,-0.0255036039967023,0,0.0,468,0.2348572371678495,58.479452054794514,38.580820022680484
990,-0.0265618585743032,0,0.0,469,0.23554216867469882,58.65,38.663434198317916
999,-0.0266127242375531,0,0.0,470,0.23622090170637303,58.81900452488688,38.74604837395535
913,-0.0266177045615504,0,0.0,471,0.23689352002605016,58.986486486486484,38.82866254959278
181,-0.0276431148405306,1,0.0,472,0.23535135135135135,58.83783783783784,38.91127672523021
836,-0.0283560531168933,0,0.0,473,0.23601793721973094,59.00448430493274,38.99389090086764
725,-0.0283686809656589,0,0.0,474,0.23667857142857143,59.169642857142854,39.07650507650507
398,-0.0292025993980653,1,0.0,475,0.23514869095048377,59.02232142857143,39.1591192521425
696,-0.0298845162559955,0,0.0,476,0.23580345285524568,59.18666666666667,39.241733427779934
273,-0.0300699028449804,0,0.0,477,0.2364524204068681,59.349557522123895,39.324347603417365
813,-0.0308033668869951,0,0.0,478,0.2370956701827053,59.51101321585903,39.4069617790548
752,-0.0320853226213606,1,0.0,479,0.2355779316131739,59.36563876651982,39.48957595469223
909,-0.0322656922554737,0,0.0,480,0.23621553884711777,59.52631578947368,39.57219013032966
26,-0.0347298707657441,1,0.0,481,0.23470979821094234,59.38157894736842,39.65480430596709
161,-0.0349156463262717,1,0.0,482,0.23321591380024864,59.23684210526316,39.73741848160452
631,-0.0355980557337054,1,0.0,483,0.23173374613003095,59.09210526315789,39.82003265724195
266,-0.0358547016362429,0,0.0,484,0.23236578474184433,59.2532751091703,39.902646832879384
876,-0.0396426707257324,0,0.0,485,0.2329923273657289,59.41304347826087,39.985261008516815
601,-0.0400916838708025,1,0.0,486,0.23152173913043478,59.2695652173913,40.067875184154246
954,-0.040456831791258,0,0.0,487,0.23214285714285715,59.42857142857143,40.15048935979168
97,-0.0418912585324549,1,0.0,488,0.23068371317398556,59.285714285714285,40.23310353542911
861,-0.042999784719378,1,1.0,489,0.23311184939091917,60.142857142857146,40.31571771106654
166,-0.0434609822207925,0,0.0,490,0.23372761293771718,60.30172413793104,40.39833188670397
660,-0.0439370794785249,0,1.0,491,0.23004624546694613,59.351931330472105,40.4809460623414
347,-0.0439710981854241,0,0.0,492,0.2306698469489167,59.51282051282051,40.563560237978834
436,-0.0444466364136932,0,0.0,493,0.23128814118423224,59.672340425531914,40.646174413616265
712,-0.044469278858019,0,0.0,494,0.23190119563789252,59.83050847457627,40.728788589253696
554,-0.0466153023506137,0,1.0,495,0.22828966735354725,58.89873417721519,40.81140276489113
477,-0.0467780303782526,0,0.0,496,0.22891016871865025,59.05882352941177,40.894016940528566
650,-0.0473155963232505,0,0.0,497,0.22952547760371056,59.21757322175732,40.976631116166
595,-0.0476709610315321,0,1.0,498,0.22596899224806202,58.300000000000004,41.05924529180343
297,-0.0485983136119684,0,1.0,499,0.22244202129370516,57.39004149377593,41.14185946744086
417,-0.0491756839651396,0,0.0,500,0.22307643026459095,57.553719008264466,41.22447364307829
812,-0.0502406342527996,1,0.0,501,0.22162481253390343,57.40082644628099,41.30708781871572
23,-0.0531131769537019,0,0.0,502,0.22225400003177778,57.56378600823046,41.38970199435315
850,-0.0535931402794703,0,0.0,503,0.2228780302550794,57.72540983606558,41.472316169990584
801,-0.0539108099795244,0,0.0,504,0.22349696635410918,57.885714285714286,41.554930345628016
791,-0.0546232652241752,0,0.0,505,0.22411087045233383,58.04471544715447,41.63754452126545
507,-0.0550674836371847,0,0.0,506,0.22471980366717206,58.20242914979757,41.72015869690288
156,-0.0558914234157149,1,0.0,507,0.22327935222672066,58.05263157894737,41.80277287254031
807,-0.0566297280835753,1,0.0,508,0.22184993872834166,57.902834008097166,41.88538704817774
261,-0.0574617827746588,1,1.0,509,0.22424823067651514,58.75303643724696,41.96800122381517
92,-0.0580512426226622,1,0.0,510,0.22282600329428429,58.603238866396765,42.0506153994526
581,-0.059876290712502,0,0.0,511,0.22343002575738993,58.762096774193544,42.133229575090034
313,-0.0608122146576021,0,0.0,512,0.22402919663444656,58.91967871485944,42.215843750727466
825,-0.061177977840996,0,0.0,513,0.22462357414448672,59.076,42.2984579263649
289,-0.0618472671120557,0,0.0,514,0.22521321557874965,59.23107569721115,42.38107210200233
513,-0.0624840337213613,0,0.0,515,0.22579817731908988,59.38492063492063,42.46368627763976
57,-0.0627049614297457,0,0.0,516,0.22637851485594918,59.537549407114625,42.54630045327719
556,-0.0628632698090924,1,0.0,517,0.22496706192358368,59.391304347826086,42.62891462891462
344,-0.0629582717299264,0,0.0,518,0.22554282987353855,59.54330708661418,42.71152880455205
599,-0.0640256938660102,1,0.0,519,0.2241420294161343,59.39763779527559,42.794142980189484
539,-0.0656792024507316,0,0.0,520,0.22471328153903067,59.549019607843135,42.876757155826915
46,-0.0658319849202654,0,1.0,521,0.22137382075471695,58.6640625,42.95937133146435
851,-0.0659316751988088,0,0.0,522,0.22195139857572863,58.8171206225681,43.04198550710178
896,-0.0675778023551941,0,1.0,523,0.21864853005704254,57.94186046511628,43.12459968273921
728,-0.0683181599179391,0,0.0,524,0.21923217017556637,58.0965250965251,43.20721385837664
455,-0.0687662930918362,1,0.0,525,0.21784190205242834,57.94594594594595,43.28982803401407
242,-0.0707581917885895,1,0.0,526,0.21646204792272208,57.795366795366796,43.3724422096515
526,-0.0732513423704919,0,0.0,527,0.21704119850187267,57.95,43.455056385288934
210,-0.0734042133243725,0,0.0,528,0.21761591114555082,58.10344827586207,43.537670560926365
339,-0.0738621098302905,1,0.0,529,0.21624635443472293,57.95402298850575,43.6202847365638
508,-0.0739699363861073,1,0.0,530,0.21488698030167072,57.804597701149426,43.70289891220123
192,-0.0748954740047509,1,1.0,531,0.2172413793103448,58.6551724137931,43.785513087838666
82,-0.0752226839582505,0,0.0,532,0.21781170483460557,58.80916030534351,43.8681272634761
406,-0.0756712251231604,0,0.0,533,0.21837769328263623,58.96197718631179,43.95074143911353
796,-0.0761918628098198,1,0.0,534,0.21702467975250095,58.81368821292776,44.03335561475096
62,-0.0784634183546811,0,0.0,535,0.21758638040925862,58.965909090909086,44.11596979038839
491,-0.0785632192378358,1,0.0,536,0.21624331550802137,58.81818181818182,44.19858396602582
231,-0.0786687216053328,1,0.0,537,0.2149100899100899,58.67045454545454,44.28119814166325
997,-0.0796427618246311,1,1.0,538,0.2172362309223623,59.52272727272727,44.363812317300685
96,-0.0807252926153632,0,0.0,539,0.21779369232888032,59.675471698113206,44.446426492938116
59,-0.0817473358096398,0,0.0,540,0.21834696229625158,59.82706766917293,44.52904066857555
524,-0.0828281162830514,0,1.0,541,0.21515076956723803,58.95131086142322,44.61165484421298
362,-0.0839525804084578,0,1.0,542,0.21197842902276937,58.082089552238806,44.69426901985041
910,-0.0845837588087282,1,0.0,543,0.21065128900949798,57.929104477611936,44.77688319548784
603,-0.0852365873649437,1,0.0,544,0.20933376595284447,57.776119402985074,44.85949737112527
767,-0.0854675419334206,0,0.0,545,0.20990248370238673,57.933085501858734,44.9421115467627
760,-0.0868889851226207,0,0.0,546,0.2104669887278583,58.08888888888889,45.024725722400134
464,-0.0870512438337811,0,1.0,547,0.20733729076421198,57.22509225092251,45.107339898037566
670,-0.0903060229523352,1,1.0,548,0.2096393888126607,58.07011070110701,45.189954073675
955,-0.0910190812024057,1,0.0,549,0.20832780270248746,57.91512915129151,45.27256824931243
325,-0.0944784432233476,1,1.0,550,0.2106098480339642,58.760147601476014,45.35518242494986
488,-0.096234039371281,1,1.0,551,0.21287559304164472,59.60516605166052,45.43779660058729
162,-0.0963599882033297,0,0.0,552,0.21344537815126052,59.76470588235294,45.52041077622472
845,-0.0964047784450949,1,0.0,553,0.21213627799874396,59.61029411764706,45.60302495186215
529,-0.0970317337850725,0,0.0,554,0.21270188885847247,59.769230769230774,45.685639127499584
495,-0.0971271568656911,0,0.0,555,0.2132633711717796,59.92700729927007,45.768253303137016
434,-0.0975086526831202,1,0.0,556,0.21196355541750792,59.77372262773723,45.85086747877445
151,-0.0978336923423542,1,1.0,557,0.2142064945448918,60.620437956204384,45.93348165441188
405,-0.099245756659413,0,0.0,558,0.21476389335046578,60.77818181818182,46.01609583004931
407,-0.0994494217709474,0,0.0,559,0.21531725303426025,60.934782608695656,46.09871000568674
738,-0.1003325634308723,0,0.0,560,0.21586661734127643,61.09025270758122,46.18132418132417
175,-0.1003770702800699,1,1.0,561,0.21809376112269285,61.93862815884477,46.2639383569616
370,-0.100895596058811,0,0.0,562,0.21863917316850745,62.09352517985611,46.346552532599034
847,-0.1019459616640037,0,0.0,563,0.21918067545055278,62.247311827956985,46.429166708236465
808,-0.1027799384202536,1,0.0,564,0.21788341822297677,62.096774193548384,46.5117808838739
172,-0.103536421941727,1,0.0,565,0.21659523272426498,61.94623655913979,46.594395059511335
309,-0.1055520242626237,0,0.0,566,0.21713286713286714,62.1,46.677009235148766
442,-0.1058874243649174,0,0.0,567,0.21766667496204864,62.25266903914591,46.7596234107862
569,-0.1070091654872236,1,1.0,568,0.21987178692325818,63.103202846975094,46.84223758642363
52,-0.1072348119757157,1,1.0,569,0.2220615856069593,63.95373665480427,46.92485176206106
560,-0.1082046387754043,0,0.0,570,0.22259160756501184,64.10638297872342,47.00746593769849
462,-0.1087643792531525,0,1.0,571,0.2195843148802513,63.24028268551237,47.09008011333592
551,-0.1093920277922033,1,0.0,572,0.21829875163534548,63.08833922261484,47.172694288973354
15,-0.1095598720390265,0,0.0,573,0.21883376382864664,63.24295774647887,47.255308464610785
855,-0.1108330961073669,0,1.0,574,0.21585624962059127,62.382456140350875,47.337922640248216
65,-0.1113678783634666,1,0.0,575,0.21457955232909862,62.228070175438596,47.42053681588565
429,-0.1124808342499548,1,1.0,576,0.216748055706276,63.07368421052631,47.50315099152308
232,-0.1129608629924442,0,0.0,577,0.21728786677240286,63.230769230769226,47.58576516716051
916,-0.1130979480539147,0,0.0,578,0.21782391608894,63.38675958188153,47.66837934279794
544,-0.1145547025035268,1,1.0,579,0.21997756670326,64.23344947735191,47.75099351843537
448,-0.1150517319212045,0,0.0,580,0.22050989345509892,64.38888888888889,47.8336076940728
108,-0.1152300556207288,1,0.0,581,0.2192358740993553,64.23611111111111,47.916221869710235
74,-0.1155077474849859,1,0.0,582,0.21797052154195012,64.08333333333334,47.998836045347666
721,-0.115595710405757,0,0.0,583,0.21849916437163103,64.23875432525952,48.0814502209851
45,-0.1158608128709052,1,1.0,584,0.2206322209841065,65.08650519031141,48.16406439662253
793,-0.1172008869246886,0,0.0,585,0.22115721800116891,65.24137931034483,48.24667857225996
922,-0.1178885195750162,0,0.0,586,0.22167860679130993,65.39518900343643,48.32929274789739
207,-0.1180589468083555,0,0.0,587,0.2221964244253541,65.54794520547946,48.41190692353482
183,-0.1186434956317118,1,0.0,588,0.2209366901147723,65.39726027397259,48.49452109917225
866,-0.1187078032902653,0,0.0,589,0.22145097315745776,65.54948805460751,48.577135274809685
99,-0.1189164928106167,1,0.0,590,0.2201997219062065,65.39931740614335,48.659749450447116
831,-0.1189840229422379,1,1.0,591,0.22231257301234625,66.24914675767917,48.74236362608455
41,-0.1198432667589892,1,0.0,592,0.22106680972981607,66.09897610921502,48.82497780172198
20,-0.1199399181722194,0,0.0,593,0.22157759424840168,66.25170068027211,48.90759197735941
272,-0.1205734314189316,0,0.0,594,0.22208491582109854,66.40338983050847,48.99020615299684
295,-0.1212662703732342,0,1.0,595,0.21921043116695288,65.54391891891892,49.07282032863427
421,-0.1225229133655596,1,0.0,596,0.21797297297297297,65.39189189189189,49.1554345042717
404,-0.1228852615296194,0,0.0,597,0.21848484848484848,65.54545454545453,49.238048679909134
646,-0.1231308174974192,1,0.0,598,0.21725561260444978,65.3939393939394,49.320662855546566
800,-0.1244656682684767,0,0.0,599,0.21776405271020532,65.54697986577182,49.403277031184004
645,-0.124720230804208,0,0.0,600,0.21826909187879862,65.69899665551839,49.485891206821435
677,-0.1253892940952901,0,0.0,601,0.2187707641196013,65.85,49.568505382458866
596,-0.1294748387042872,1,0.0,602,0.21754966887417218,65.7,49.6511195580963
781,-0.1299815150116568,0,0.0,603,0.21804800774460406,65.85049833887044,49.73373373373373
759,-0.1301460555329472,0,0.0,604,0.21854304635761587,66.0,49.81634790937116
310,-0.1331640707806435,0,0.0,605,0.21903481738902367,66.14851485148515,49.89896208500859
610,-0.1340177621079803,1,0.0,606,0.21782178217821782,66.0,49.98157626064602
29,-0.1346820010399798,1,0.0,607,0.2166167274622199,65.85148514851485,50.064190436283454
936,-0.1355592555207286,1,0.0,608,0.21541957474435972,65.70297029702971,50.146804611920885
157,-0.1386127570725622,1,0.0,609,0.21423024655406717,65.55445544554456,50.229418787558316
920,-0.1404358714060167,0,0.0,610,0.214718782249742,65.70394736842105,50.31203296319575
503,-0.1406583754479446,1,1.0,611,0.21679453111606378,66.55592105263158,50.39464713883318
322,-0.1429472911812042,0,0.0,612,0.21727986329898008,66.70491803278689,50.47726131447061
245,-0.1457689401487221,0,1.0,613,0.21449404951991655,65.84967320261438,50.55987549010804
146,-0.1462964725352267,0,0.0,614,0.21498371335504884,66.0,50.64248966574547
69,-0.1480423275182498,0,0.0,615,0.2154701975548881,66.14935064935065,50.725103841382904
716,-0.1482241815726427,0,0.0,616,0.21595353298967984,66.29773462783172,50.807718017020335
328,-0.1482520858749191,0,1.0,617,0.213207943679731,65.45483870967742,50.890332192657766
858,-0.1482910877517286,0,1.0,618,0.2104800108926757,64.61736334405145,50.9729463682952
258,-0.1486835037573923,0,0.0,619,0.2109746930593836,64.76923076923077,51.05556054393263
67,-0.1488149792946305,0,1.0,620,0.20827132613876428,63.93929712460064,51.13817471957006
778,-0.1511267593307961,0,0.0,621,0.20876989149152472,64.09235668789809,51.22078889520749
250,-0.151384805767608,0,1.0,622,0.20609068817537873,63.26984126984127,51.30340307084492
320,-0.1524402797074553,1,0.0,623,0.20490620490620493,63.111111111111114,51.38601724648235
703,-0.1528225510165334,0,0.0,624,0.2054085155350978,63.265822784810126,51.468631422119785
380,-0.1540821545602648,0,0.0,625,0.20590765701175798,63.419558359621455,51.551245597757216
88,-0.1543030608375751,0,0.0,626,0.20640365923384793,63.57232704402516,51.63385977339465
372,-0.1544163709913693,0,0.0,627,0.20689655172413793,63.724137931034484,51.71647394903208
928,-0.15456946990941,0,0.0,628,0.20738636363636365,63.875,51.79908812466951
286,-0.1554454841911114,0,0.0,629,0.20787312376097425,64.02492211838006,51.88170230030694
680,-0.1567092167516709,0,1.0,630,0.2052512704686618,63.21739130434783,51.96431647594437
532,-0.1582353641231412,0,0.0,631,0.2057416267942584,63.368421052631575,52.0469306515818
389,-0.1586212647004799,0,0.0,632,0.20622895622895623,63.51851851851852,52.129544827219235
527,-0.1589696093716318,0,1.0,633,0.20363636363636364,62.72,52.21215900285667
291,-0.1599365356563545,0,0.0,634,0.20412716118237592,62.87116564417178,52.294773178494104
547,-0.1605539018970026,0,1.0,635,0.20155685293299974,62.079510703363916,52.377387354131535
87,-0.1616256051683078,0,0.0,636,0.2020509977827051,62.23170731707317,52.46000152976897
823,-0.1619607796683959,0,1.0,637,0.19950262503453994,61.4468085106383,52.5426157054064
681,-0.162220803190868,1,0.0,638,0.19832580832374266,61.28267477203647,52.62522988104383
262,-0.1627237878245686,0,0.0,639,0.19882318328920273,61.43636363636364,52.70784405668126
727,-0.1634612896593376,0,0.0,640,0.19931755296786244,61.58912386706949,52.79045823231869
94,-0.1644632651367923,1,0.0,641,0.1981483286229412,61.42598187311178,52.87307240795612
672,-0.1675184014748706,1,0.0,642,0.19698662340564013,61.26283987915408,52.955686583593554
644,-0.1679598151058476,0,0.0,643,0.1974780149537055,61.41566265060241,53.038300759230985
989,-0.1683777126828346,0,0.0,644,0.1979664552011819,61.567567567567565,53.120914934868416
798,-0.1691358295726697,1,1.0,645,0.200017325017325,62.4054054054054,53.20352911050585
652,-0.1708222816011578,1,1.0,646,0.20205509023400398,63.24324324324324,53.28614328614328
873,-0.1710460235765481,0,1.0,647,0.19954659371353142,62.458083832335326,53.36875746178071
4,-0.1714224644070527,0,0.0,648,0.2000381479185542,62.61194029850746,53.45137163741814
804,-0.172028978122265,0,0.0,649,0.20052677620568995,62.76488095238095,53.53398581305557
201,-0.1722822195805317,1,0.0,650,0.19936684865028811,62.601190476190474,53.616599988693004
675,-0.1728168108412855,1,1.0,651,0.20138888888888887,63.4375,53.699214164330435
821,-0.1731621553285354,1,0.0,652,0.2002335744424352,63.273809523809526,53.781828339967866
323,-0.1736543618281409,0,0.0,653,0.20071930285843068,63.4272997032641,53.8644425156053
36,-0.173959770997835,1,0.0,654,0.19957127746211237,63.26409495548962,53.94705669124273
79,-0.1776255594370501,0,0.0,655,0.20005413174546882,63.417159763313606,54.02967086688016
19,-0.1779646049909785,1,0.0,656,0.19891332663466188,63.25443786982248,54.11228504251759
264,-0.1779721793433529,0,0.0,657,0.1993933322201814,63.4070796460177,54.19489921815502
632,-0.1794420818437648,1,1.0,658,0.20139447573075892,64.2448377581121,54.277513393792454
427,-0.179455860006053,0,0.0,659,0.2018716577540107,64.39705882352942,54.360127569429885
340,-0.1799224613036812,0,0.0,660,0.2023460410557185,64.5483870967742,54.442741745067316
835,-0.1803158337719185,0,0.0,661,0.20281765018607126,64.69883040935673,54.52535592070475
377,-0.1803242506622009,0,0.0,662,0.2032865094089584,64.84839650145773,54.60797009634218
244,-0.1803716441952538,0,0.0,663,0.20375264270613108,64.99709302325581,54.69058427197961
446,-0.1814753562964307,1,0.0,664,0.20261627906976742,64.83720930232559,54.77319844761704
9,-0.1839444713838192,0,0.0,665,0.20307971014492754,64.98550724637681,54.85581262325447
656,-0.1840161713837121,1,0.0,666,0.20195042665583096,64.82608695652175,54.9384267988919
364,-0.1840938296109405,1,0.0,667,0.2008281573498965,64.66666666666666,55.02104097452934
783,-0.1846110469146895,1,0.0,668,0.19971283707991205,64.5072463768116,55.10365515016677
967,-0.1857273041744464,0,0.0,669,0.20017358936273016,64.65606936416185,55.186269325804204
659,-0.1864611168036872,0,0.0,670,0.2006316860127943,64.80403458213257,55.268883501441636
388,-0.1868006817486158,1,1.0,671,0.2026096701889209,65.64553314121038,55.35149767707907
881,-0.1885049556653121,1,0.0,672,0.20149855907780978,65.48703170028818,55.4341118527165
220,-0.1891577166347734,0,0.0,673,0.20195402298850573,65.63505747126436,55.51672602835393
983,-0.1892870671982175,0,1.0,674,0.19954154727793694,64.85100286532952,55.59934020399136
892,-0.1898186286540137,0,0.0,675,0.19999999999999998,65.0,55.68195437962879
122,-0.190086896975016,0,0.0,676,0.20045584045584044,65.14814814814815,55.76456855526622
618,-0.1901880136118907,0,0.0,677,0.2009090909090909,65.29545454545455,55.847182730903654
116,-0.190310502793324,0,0.0,678,0.2013597733711048,65.44192634560906,55.929796906541085
496,-0.1910429751866256,0,0.0,679,0.20180790960451975,65.58757062146893,56.01241108217852
525,-0.1918086170435037,1,1.0,680,0.20377109978856886,66.42937853107344,56.09502525781595
648,-0.1936937954131432,0,0.0,681,0.20421671131080965,66.57464788732395,56.17763943345338
715,-0.1949938955440048,0,0.0,682,0.20465981939753225,66.71910112359551,56.26025360909081
746,-0.195067821654034,0,0.0,683,0.20510044508600989,66.86274509803923,56.34286778472824
178,-0.1960420487542949,0,0.0,684,0.2055386091784625,67.00558659217877,56.42548196036567
582,-0.1962613213846433,0,0.0,685,0.20597433224533043,67.14763231197772,56.508096136003104
206,-0.1964986209457527,0,0.0,686,0.20640763462849354,67.28888888888889,56.590710311640535
459,-0.1978491549655137,1,0.0,687,0.20530071355759427,67.13333333333333,56.67332448727797
587,-0.1984683606474964,0,0.0,688,0.20573161537353765,67.27423822714681,56.7559386629154
363,-0.1994061607143289,0,0.0,689,0.20616013651646475,67.41436464088397,56.83855283855283
657,-0.1997670681554652,1,1.0,690,0.2081087454520954,68.25966850828729,56.92116701419026
956,-0.2020894340811868,0,0.0,691,0.20853490559698984,68.39944903581267,57.00378118982769
840,-0.2037471669053159,0,0.0,692,0.20895872420262662,68.53846153846155,57.08639536546512
219,-0.2039320013853014,0,0.0,693,0.2093802205145339,68.67671232876712,57.169009541102554
880,-0.2046683001019901,0,0.0,694,0.20979941356790616,68.81420765027323,57.251623716739985
561,-0.2048433069072101,0,1.0,695,0.20749152655014289,68.05722070844686,57.334237892377416
472,-0.204964022855682,0,0.0,696,0.2079135737009544,68.19565217391305,57.41685206801485
664,-0.2049649453607538,0,0.0,697,0.20833333333333331,68.33333333333334,57.49946624365228
31,-0.205349388236418,1,1.0,698,0.21027009662193885,69.1788617886179,57.58208041928971
555,-0.2063963526835287,1,1.0,699,0.21219512195121948,70.02439024390245,57.66469459492714
992,-0.2072752051809738,0,0.0,700,0.21261261261261258,70.16216216216216,57.74730877056457
663,-0.2099010365679031,0,0.0,701,0.21302785265049412,70.29919137466308,57.82992294620201
658,-0.2100159819750696,0,0.0,702,0.21344086021505373,70.43548387096774,57.91253712183944
267,-0.210288380647724,0,0.0,703,0.2138516532618409,70.5710455764075,57.99515129747687
198,-0.2107236680271503,1,1.0,704,0.21576504701813498,71.41823056300268,58.077765473114304
131,-0.2117110414656149,0,0.0,705,0.21617364331066125,71.55347593582889,58.160379648751736
173,-0.2120323704785557,1,0.0,706,0.21506346240577284,71.40106951871658,58.24299382438917
590,-0.2123181143164764,0,0.0,707,0.2154698795180723,71.536,58.3256080000266
213,-0.2126354325833915,0,0.0,708,0.21587413483722123,71.67021276595744,58.40822217566403
975,-0.2130587500240894,0,0.0,709,0.21627624556581768,71.80371352785147,58.49083635130146
737,-0.2132190573049568,0,0.0,710,0.21667622872442152,71.93650793650794,58.57345052693889
281,-0.2165115432786666,0,1.0,711,0.21443557872651559,71.19261213720316,58.65606470257632
402,-0.2166770230121936,0,0.0,712,0.21483830057070388,71.32631578947368,58.738678878213754
311,-0.2167132586061506,1,0.0,713,0.21373478741899796,71.17368421052632,58.821293053851186
275,-0.2182460780768824,1,0.0,714,0.21263788213047588,71.02105263157895,58.90390722948862
107,-0.2186195017447339,0,0.0,715,0.21303848994923538,71.15485564304461,58.98652140512605
705,-0.2190093028907822,0,0.0,716,0.21343700034486002,71.28795811518324,59.06913558076348
520,-0.2225724274799712,0,0.0,717,0.2138334297462516,71.42036553524804,59.15174975640091
408,-0.2234991702008777,0,0.0,718,0.21422779441117765,71.55208333333334,59.23436393203834
484,-0.2235993500936569,0,0.0,719,0.21462011042849366,71.6831168831169,59.31697810767577
965,-0.2237862525524505,0,0.0,720,0.21501039372033134,71.81347150259067,59.399592283313204
452,-0.2238973526732965,0,1.0,721,0.2128146807160872,71.08010335917312,59.482206458950635
413,-0.224506947824876,0,0.0,722,0.21320760540774122,71.21134020618555,59.56482063458807
55,-0.2275280326717021,1,1.0,723,0.21510232343437455,72.05927835051546,59.6474348102255
253,-0.2281050350969419,1,0.0,724,0.21400957290132547,71.90721649484536,59.73004898586293
958,-0.228117626208647,0,0.0,725,0.2144004774146162,72.03856041131105,59.81266316150036
360,-0.2281888168359945,0,1.0,726,0.2122252747252747,71.3076923076923,59.89527733713779
17,-0.2284607283625538,0,0.0,727,0.21261874314943366,71.43989769820972,59.97789151277522
638,-0.2287699127141502,0,0.0,728,0.21301020408163263,71.57142857142858,60.060505688412654
810,-0.2289359514771403,0,1.0,729,0.2108551435841512,70.84732824427482,60.143119864050085
205,-0.2291951995910223,0,0.0,730,0.21124909354604784,70.97969543147208,60.22573403968752
719,-0.2293347417187202,0,0.0,731,0.21164104882459311,71.1113924050633,60.30834821532495
700,-0.2296363894880996,0,0.0,732,0.21203102453102451,71.24242424242425,60.39096239096238
383,-0.23050661132328,1,1.0,733,0.21391211821478884,72.08838383838383,60.47357656659981
668,-0.2334384692897472,1,0.0,734,0.21282350128503974,71.93434343434345,60.55619074223724
592,-0.2336572658653845,0,0.0,735,0.2132115123783405,72.06549118387909,60.63880491787468
706,-0.2341834586653082,0,0.0,736,0.21359757366715232,72.19597989949749,60.72141909351211
985,-0.2366858530255079,0,0.0,737,0.21398169981165932,72.32581453634086,60.80403326914954
662,-0.2367247037409757,1,1.0,738,0.21584935790804444,73.17293233082707,60.88664744478697
73,-0.2368605665258911,0,0.0,739,0.2162315634218289,73.3025,60.969261620424405
412,-0.239034300207918,0,1.0,740,0.2141180970876643,72.5860349127182,61.051875796061836
101,-0.2393706156825731,1,1.0,741,0.21597476895995307,73.43142144638404,61.13448997169927
915,-0.2394510638104657,0,0.0,742,0.21635937957272464,73.56218905472636,61.2171041473367
877,-0.239691850012382,0,0.0,743,0.2167420814479638,73.6923076923077,61.29971832297413
885,-0.2411594155361511,0,0.0,744,0.2171228887594642,73.82178217821783,61.38233249861156
898,-0.2430989508119133,0,0.0,745,0.21750181554103123,73.95061728395062,61.46494667424899
966,-0.2441892041017587,0,0.0,746,0.21787887568820632,74.07881773399015,61.54756084988642
425,-0.2445861515889639,0,0.0,747,0.21825408295996532,74.2063882063882,61.630175025523855
891,-0.2451665726845177,1,0.0,748,0.21716731394150748,74.05405405405406,61.712789201161286
986,-0.2464882502828892,0,0.0,749,0.21754068196193435,74.18137254901961,61.79540337679872
735,-0.2469792568217451,0,0.0,750,0.2179122242218701,74.3080684596577,61.87801755243615
312,-0.249141772518545,0,0.0,751,0.21828195408053788,74.43414634146342,61.96063172807358
904,-0.251664547125232,0,0.0,752,0.218649884767144,74.5596107055961,62.04324590371101
683,-0.2519800254836851,0,0.0,753,0.21901602938245596,74.68446601941747,62.12586007934844
179,-0.2521995365142528,0,0.0,754,0.21938040090035715,74.8087167070218,62.20847425498587
575,-0.254436869860583,1,0.0,755,0.21829998725627625,74.65859564164649,62.291088430623304
802,-0.2545865568007438,1,0.0,756,0.21722587340020755,74.50847457627118,62.373702606260736
445,-0.2553520267938992,0,0.0,757,0.21758848466923003,74.6328502415459,62.45631678189817
949,-0.2573774981744862,1,1.0,758,0.2194275924053477,75.4830917874396,62.5389309575356
589,-0.2574350110866974,1,0.0,759,0.21835748792270532,75.33333333333333,62.62154513317303
576,-0.25795052114752,0,0.0,760,0.21871835166753972,75.45783132530121,62.70415930881046
180,-0.2582235656213881,0,0.0,761,0.21907748049052397,75.58173076923077,62.78677348444789
203,-0.260191511414641,0,0.0,762,0.21943488687311022,75.70503597122303,62.86938766008532
280,-0.2602235202445125,1,0.0,763,0.218370967965512,75.55635491606715,62.952001835722754
247,-0.2614397752868415,0,0.0,764,0.21872666426971266,75.67942583732057,63.034616011360185
583,-0.2615794908518544,0,0.0,765,0.21908066273952573,75.80190930787589,63.11723018699762
761,-0.2645447953199713,0,0.0,766,0.21943297550233967,75.92380952380952,63.19984436263505
371,-0.2658356541336623,1,0.0,767,0.21837518869219155,75.77619047619048,63.28245853827248
204,-0.2659580303485298,0,1.0,768,0.21635053084805628,75.07363420427554,63.36507271390991
170,-0.2674962001615591,0,0.0,769,0.21670513678517284,75.19668246445497,63.44768688954734
925,-0.2699726427830921,0,0.0,770,0.21705806609847322,75.31914893617022,63.53030106518478
150,-0.2706990732284525,1,0.0,771,0.21600635852286626,75.17021276595744,63.61291524082221
938,-0.2723888463885191,0,0.0,772,0.21635762307525486,75.29245283018868,63.69552941645964
609,-0.2753778627301012,1,0.0,773,0.21531194247715846,75.14386792452831,63.778143592097074
886,-0.2766324858339578,1,1.0,774,0.21712938005390836,75.99528301886792,63.860757767734505
795,-0.2768300791216147,0,0.0,775,0.21747899159663867,76.11764705882354,63.943371943371936
456,-0.2794785015170019,1,1.0,776,0.2192860734037205,76.96941176470588,64.02598611900936
38,-0.279627274485979,0,0.0,777,0.21963404357770558,77.09154929577466,64.10860029464679
541,-0.2802804658684448,0,0.0,778,0.21998038391481017,77.21311475409836,64.19121447028422
751,-0.2806945209386703,1,1.0,779,0.22177719821162445,78.0655737704918,64.27382864592165
704,-0.2826241413503121,0,0.0,780,0.22212192013593884,78.18691588785046,64.35644282155909
799,-0.2839860173540356,1,0.0,781,0.221075692991978,78.03971962616822,64.43905699719652
254,-0.2843441268079096,0,0.0,782,0.22141880782107412,78.16083916083916,64.52167117283395
30,-0.285971355630115,0,0.0,783,0.22176032676724422,78.28139534883721,64.60428534847138
453,-0.2865925717155925,0,1.0,784,0.21978007532387295,77.58236658932714,64.68689952410881
25,-0.2875395696075972,0,1.0,785,0.217808991711258,76.88657407407408,64.76951369974624
780,-0.2875628819177513,0,0.0,786,0.21815648123311243,77.00923787528868,64.85212787538367
174,-0.2889597251035209,0,0.0,787,0.21850236942076476,77.13133640552996,64.93474205102112
687,-0.2896552127687548,0,0.0,788,0.21884666731789912,77.25287356321839,65.01735622665855
562,-0.2901013146017323,0,0.0,789,0.21918938586688153,77.37385321100918,65.09997040229598
608,-0.2901893332224973,0,0.0,790,0.21953053590991892,77.49427917620137,65.18258457793341
849,-0.2932212131821692,0,1.0,791,0.21758702316737166,76.8082191780822,65.26519875357084
218,-0.2942931963109391,0,0.0,792,0.21793026902501825,76.92938496583145,65.34781292920827
619,-0.2955497296099069,0,0.0,793,0.21827195467422097,77.05000000000001,65.4304271048457
416,-0.2955697608913957,0,0.0,794,0.21861209072864274,77.17006802721089,65.51304128048314
124,-0.2957470906961293,1,0.0,795,0.21757177447250087,77.0204081632653,65.59565545612057
51,-0.2966646134715993,0,0.0,796,0.2179103714497533,77.14027149321267,65.678269631758
278,-0.2970095112465933,0,0.0,797,0.2182474397724809,77.25959367945825,65.76088380739543
993,-0.2980863754615698,1,0.0,798,0.21721298445299336,77.11060948081264,65.84349798303286
572,-0.2991532322535283,0,0.0,799,0.2175485344499429,77.22972972972973,65.92611215867029
565,-0.3011699377390026,1,1.0,800,0.219328879441239,78.08108108108108,66.00872633430772
822,-0.3017345504042778,0,1.0,801,0.21741573033707867,77.4,66.09134050994516
615,-0.3017864299523819,1,1.0,802,0.2191861014068549,78.24943820224719,66.17395468558259
574,-0.3023765289031982,0,0.0,803,0.21952368391302712,78.36995515695068,66.25656886122002
56,-0.3026873071065367,1,1.0,804,0.22128416464163142,79.21973094170403,66.33918303685745
649,-0.3033824785453267,1,0.0,805,0.22024932235782008,79.0695067264574,66.42179721249488
354,-0.3052885490516628,0,0.0,806,0.22058539442772307,79.19015659955258,66.50441138813231
899,-0.3121228727785156,0,0.0,807,0.2209199661758854,79.31026785714286,66.58702556376974
288,-0.312715311223638,1,0.0,808,0.21989087301587304,79.16071428571428,66.66963973940717
489,-0.3127506382498202,0,0.0,809,0.22022395446671617,79.28062360801782,66.7522539150446
90,-0.313591771783286,1,1.0,810,0.22197064575634373,80.13140311804008,66.83486809068204
571,-0.3135952854212988,1,1.0,811,0.2237076868178518,80.98218262806236,66.91748226631947
84,-0.3140153241554539,0,0.0,812,0.22403928790669123,81.10222222222222,67.0000964419569
753,-0.3157558267058111,0,1.0,813,0.2221521235805025,80.41906873614191,67.08271061759433
612,-0.3170836656890604,1,0.0,814,0.22112477323120336,80.26829268292683,67.16532479323176
765,-0.3196621273164577,0,0.0,815,0.22145834857017477,80.38938053097345,67.24793896886919
345,-0.3225396226489949,0,0.0,816,0.2217904511703428,80.50993377483444,67.33055314450662
740,-0.322879999331661,1,0.0,817,0.22076874560318271,80.35982339955851,67.41316732014405
854,-0.3230028240775665,0,0.0,818,0.2210993851963015,80.48017621145374,67.49578149578149
516,-0.3237350175704557,0,0.0,819,0.22142857142857145,80.6,67.57839567141892
140,-0.3260884101623097,0,0.0,820,0.22175631386157704,80.71929824561403,67.66100984705635
842,-0.3261809579026611,0,0.0,821,0.2220826219732128,80.83807439824946,67.74362402269378
336,-0.3264338290409003,0,0.0,822,0.22240750515859686,80.95633187772927,67.82623819833121
327,-0.3274030201570022,0,0.0,823,0.22273097273097275,81.07407407407408,67.90885237396864
118,-0.33895080041128,0,0.0,824,0.22305303392259915,81.19130434782609,67.99146654960607
871,-0.3391835392475649,1,0.0,825,0.22203692674210837,81.04347826086956,68.0740807252435
433,-0.3393982294105967,0,0.0,826,0.22235759070513772,81.16052060737528,68.15669490088094
284,-0.3403164854482213,0,0.0,827,0.22267686651248292,81.27705627705629,68.23930907651837
707,-0.3405450066276223,0,0.0,828,0.2229947631586733,81.39308855291577,68.3219232521558
935,-0.3416172527051844,0,0.0,829,0.2233112895606991,81.50862068965517,68.40453742779323
274,-0.3417209462758082,0,0.0,830,0.22362645455884517,81.6236559139785,68.48715160343066
500,-0.3425369557766699,0,0.0,831,0.22394026691751423,81.7381974248927,68.56976577906809
70,-0.3435063030797499,0,0.0,832,0.22425273532603912,81.85224839400428,68.65237995470552
451,-0.3511902758490295,1,0.0,833,0.22324218064380247,81.70663811563169,68.73499413034295
625,-0.3517625455170324,1,1.0,834,0.22496192871187765,82.5610278372591,68.81760830598039
487,-0.3525203795477812,1,1.0,835,0.22667233032306117,83.4154175588865,68.90022248161782
102,-0.35405576819659,0,0.0,836,0.22698346339650685,83.52991452991452,68.98283665725525
911,-0.3565799014589771,0,0.0,837,0.2272932696764624,83.64392324093816,69.06545083289268
674,-0.3569570772244004,0,0.0,838,0.2276017576318224,83.75744680851064,69.14806500853011
794,-0.3575621791980776,0,1.0,839,0.22578579340902796,83.08917197452229,69.23067918416754
568,-0.358289195670107,1,0.0,840,0.2247768974505032,82.94267515923566,69.31329335980497
512,-0.3584738177694716,0,1.0,841,0.2229686279913647,82.27542372881356,69.3959075354424
326,-0.3594913840090524,0,0.0,842,0.22328216939674683,82.39112050739958,69.47852171107984
702,-0.3652037490386519,0,0.0,843,0.22359438784261262,82.50632911392404,69.56113588671727
889,-0.3673826385723595,0,0.0,844,0.22390529168449583,82.62105263157895,69.6437500623547
265,-0.3684135315477544,0,0.0,845,0.22421488920771562,82.73529411764706,69.72636423799213
196,-0.3684534176259968,0,0.0,846,0.2245231886281127,82.84905660377359,69.80897841362956
190,-0.3688953571243122,1,0.0,847,0.22351974616125558,82.70230607966457,69.89159258926699
195,-0.370435472047006,0,0.0,848,0.2238267556259188,82.81589958158996,69.97420676490442
14,-0.3718554357920396,0,0.0,849,0.22413248321390283,82.92901878914404,70.05682094054185
126,-0.373183477879458,0,1.0,850,0.2223536036036036,82.27083333333333,70.13943511617929
294,-0.37551749676192,0,0.0,851,0.22266112266112265,82.38461538461539,70.22204929181672
306,-0.3775495171107298,1,0.0,852,0.22166308958761788,82.23700623700624,70.30466346745415
676,-0.3800063575349203,0,0.0,853,0.22196933263245014,82.350622406639,70.38727764309158
918,-0.3803211212104136,1,0.0,854,0.22097666532815777,82.20331950207469,70.46989181872901
268,-0.3805696669729029,0,1.0,855,0.21921124691110666,81.54658385093168,70.55250599436646
476,-0.3816719084752197,0,0.0,856,0.21951923931396072,81.6611570247934,70.63512017000389
42,-0.3827446905447605,0,0.0,857,0.21982596164505044,81.77525773195876,70.71773434564132
119,-0.3853288354022652,0,0.0,858,0.22013142174432498,81.88888888888889,70.80034852127875
373,-0.3879761371208427,0,0.0,859,0.22043562738733966,82.00205338809035,70.88296269691618
636,-0.3913329698521213,1,0.0,860,0.21944828269593894,81.85420944558521,70.96557687255361
346,-0.3915735257376138,0,0.0,861,0.21975124159451503,81.96721311475409,71.04819104819104
998,-0.3917332252493203,0,0.0,862,0.22005296139739142,82.079754601227,71.13080522382847
673,-0.3919745468433805,1,0.0,863,0.21907089662412652,81.93251533742333,71.2134193994659
666,-0.3934277944762715,0,0.0,864,0.2193713849176034,82.04489795918367,71.29603357510334
726,-0.397313991534598,1,0.0,865,0.21839455782312925,81.89795918367346,71.37864775074077
187,-0.3983670219182195,0,1.0,866,0.2166571622539036,81.24643584521385,71.4612619263782
334,-0.3986422065258499,0,0.0,867,0.21695934959349594,81.35975609756098,71.54387610201563
460,-0.399226683310129,0,1.0,868,0.2152319134550372,80.71196754563894,71.62649027765306
981,-0.4008851952503656,0,0.0,869,0.21553576248313092,80.82591093117409,71.7091044532905
54,-0.4062030565770156,0,0.0,870,0.21583838383838386,80.93939393939394,71.79171862892792
133,-0.4086682298933302,1,0.0,871,0.21486675263271007,80.78989898989899,71.87433280456536
303,-0.4102656177711288,0,0.0,872,0.21516815374056278,80.90322580645162,71.95694698020279
186,-0.4125993270193617,0,0.0,873,0.21546834196669376,81.01609657947687,72.03956115584022
492,-0.4128680892910458,1,1.0,874,0.2171543851971244,81.8672032193159,72.12217533147765
546,-0.4175439003512841,0,0.0,875,0.21745336784805006,81.97991967871486,72.20478950711508
717,-0.420424724425054,0,1.0,876,0.21574714415568538,81.33667334669339,72.28740368275251
888,-0.4230469779471029,0,0.0,877,0.2160477453580902,81.45,72.37001785838994
570,-0.4252955646868624,1,1.0,878,0.21772486772486774,82.3,72.45263203402737
863,-0.4258759084956396,0,0.0,879,0.21802426892247254,82.41317365269461,72.5352462096648
641,-0.4264566597549343,0,0.0,880,0.21832247728662071,82.52589641434264,72.61786038530224
550,-0.4333775249539863,1,0.0,881,0.217352226976001,82.37649402390439,72.70047456093967
290,-0.4350310869926239,0,0.0,882,0.21764924962100748,82.48906560636183,72.7830887365771
953,-0.4359075787399054,0,1.0,883,0.21596096662059724,81.84920634920636,72.86570291221453
81,-0.4362223556369834,0,0.0,884,0.21625956790929754,81.96237623762377,72.94831708785196
714,-0.4411237324172071,1,1.0,885,0.21792600312662844,82.8118811881188,73.03093126348939
942,-0.441177710638104,0,0.0,886,0.2182234241730809,82.92490118577075,73.11354543912682
444,-0.444669450487101,0,0.0,887,0.2185196719609675,83.03747534516765,73.19615961476426
259,-0.4449451734486651,0,0.0,888,0.2188147534189805,83.14960629921259,73.27877379040169
806,-0.4477327743102914,0,0.0,889,0.2191086754213628,83.26129666011788,73.36138796603912
48,-0.4491352276696517,0,1.0,890,0.2174406604747162,82.62745098039215,73.44400214167655
856,-0.4504722763648336,1,0.0,891,0.21647367608460708,82.47647058823529,73.52661631731398
564,-0.4528303367510198,0,0.0,892,0.2167691367346205,82.58904109589041,73.60923049295141
28,-0.4543668474114627,0,0.0,893,0.2170634432414698,82.701171875,73.69184466858884
756,-0.4616576016534054,0,0.0,894,0.21735660235453025,82.81286549707602,73.77445884422627
113,-0.4666324503376255,0,0.0,895,0.2176486207706527,82.92412451361866,73.8570730198637
903,-0.4667362547844467,1,1.0,896,0.21930450017316191,83.77431906614785,73.93968719550114
642,-0.4717133772913707,0,0.0,897,0.2195953845371829,83.88543689320389,74.02230137113857
468,-0.4738010281993863,1,1.0,898,0.22124261704986187,84.73592233009708,74.104915546776
474,-0.4775362322045146,0,1.0,899,0.21959438945898357,84.1046511627907,74.18752972241343
435,-0.4788853870051981,0,0.0,900,0.21988677396710285,84.21663442940039,74.27014389805086
197,-0.4860205348105785,0,0.0,901,0.2201780295775074,84.32818532818533,74.35275807368829
736,-0.487048466051728,0,0.0,902,0.2204681628156175,84.43930635838151,74.43537224932572
969,-0.4880507899606998,0,0.0,903,0.220757180156658,84.55,74.51798642496315
536,-0.4901719355765818,0,0.0,904,0.22104508802613976,84.66026871401152,74.60060060060059
351,-0.4942060181728011,0,1.0,905,0.2194161839880756,84.03639846743295,74.68321477623802
369,-0.4972239611593571,0,0.0,906,0.21970555491765226,84.1472275334608,74.76582895187545
723,-0.4972504409220845,0,0.0,907,0.21999382137803203,84.25763358778626,74.84844312751288
614,-0.4984791030145471,0,0.0,908,0.2202809896804675,84.36761904761904,74.93105730315031
352,-0.5015315740407154,0,0.0,909,0.2205670660882169,84.47718631178708,75.01367147878774
366,-0.5024052390812417,0,0.0,910,0.22085205681699954,84.58633776091082,75.09628565442517
466,-0.5030264171346667,0,0.0,911,0.22113596803544586,84.69507575757575,75.1788998300626
563,-0.5034647350805617,0,0.0,912,0.22141880586554266,84.80340264650283,75.26151400570004
255,-0.5070320045320131,0,0.0,913,0.22170057638307308,84.91132075471698,75.34412818133747
397,-0.509340280677035,0,0.0,914,0.22198128561805158,85.01883239171374,75.4267423569749
32,-0.5096478631426166,0,0.0,915,0.22226093955515422,85.12593984962406,75.50935653261233
963,-0.5101402645504429,0,0.0,916,0.22253954413414392,85.23264540337712,75.59197070824976
481,-0.517747434544293,0,0.0,917,0.22281710525029094,85.33895131086143,75.67458488388719
467,-0.5179235265842541,0,0.0,918,0.22309362875478883,85.44485981308411,75.75719905952462
629,-0.5244980455297164,0,0.0,919,0.22336912045516544,85.55037313432835,75.83981323516205
61,-0.5278705526773727,0,1.0,920,0.22178138872276598,84.94227188081936,75.92242741079949
319,-0.5294474994541963,1,0.0,921,0.22081587523277468,84.79329608938548,76.00504158643692
431,-0.5294968782290258,0,1.0,922,0.2192340458488228,84.18587360594796,76.08765576207435
818,-0.5318084185699802,1,0.0,923,0.21827354801332496,84.03531598513011,76.1702699377118
531,-0.5322889173639371,0,0.0,924,0.21855287569573284,84.14285714285714,76.25288411334923
386,-0.5340424826283873,1,0.0,925,0.21759735453295775,83.9925788497217,76.33549828898666
742,-0.5413607253763986,0,1.0,926,0.2160237958165419,83.38518518518518,76.41811246462409
943,-0.5422819130999178,0,0.0,927,0.2163044831582274,83.49353049907577,76.50072664026152
944,-0.542394754315006,0,1.0,928,0.2147391163030801,82.88929889298893,76.58334081589895
782,-0.5460130805349633,1,1.0,929,0.21637251256233495,83.73616236162363,76.66595499153638
980,-0.546931945636741,0,0.0,930,0.21665453195711454,83.84530386740332,76.74856916717381
263,-0.551368929863259,0,0.0,931,0.2169355145158839,83.95404411764706,76.83118334281124
857,-0.5539410022046826,0,0.0,932,0.21721546594599722,84.06238532110092,76.91379751844867
123,-0.5539941278692164,0,0.0,933,0.2174943919129966,84.17032967032966,76.9964116940861
212,-0.5550784945531992,0,1.0,934,0.21594414447609467,83.57038391224862,77.07902586972354
86,-0.5567369471958352,1,1.0,935,0.21756912116700278,84.41681901279708,77.16164004536097
695,-0.5578863505859235,0,0.0,936,0.21784934908571,84.52554744525547,77.2442542209984
766,-0.5621724813850747,0,0.0,937,0.2181285561376824,84.63387978142076,77.32686839663583
486,-0.5637167320229972,0,0.0,938,0.21840674789128398,84.74181818181819,77.40948257227326
667,-0.568272859710965,0,0.0,939,0.2186839298744551,84.84936479128856,77.4920967479107
521,-0.5722505047739825,0,0.0,940,0.21896010757507844,84.95652173913044,77.57471092354812
620,-0.5781287502892257,0,0.0,941,0.21923528644134152,85.0632911392405,77.65732509918556
838,-0.5816524553769239,0,0.0,942,0.21950947188209463,85.16967509025271,77.73993927482299
355,-0.5818149062167464,0,0.0,943,0.21978266926720536,85.27567567567567,77.82255345046042
827,-0.5820899184141923,0,0.0,944,0.22005488392790923,85.38129496402877,77.90516762609785
348,-0.5835730582451273,1,1.0,945,0.22167150598287438,86.23021582733813,77.98778180173528
169,-0.5918747403229957,0,0.0,946,0.2219427432121215,86.33572710951526,78.07039597737271
950,-0.5981978168505047,0,0.0,947,0.22221300826491971,86.44086021505376,78.15301015301014
426,-0.6032379649977007,0,0.0,948,0.22248230635867391,86.54561717352415,78.23562432864757
787,-0.6116191497697685,0,0.0,949,0.22275064267352188,86.65,78.318238504285
785,-0.6198838525893319,0,0.0,950,0.22301802235266627,86.75401069518716,78.40085267992244
731,-0.6267570247855749,1,0.0,951,0.2220622514740162,86.6042780748663,78.48346685555987
457,-0.6312317519646421,0,0.0,952,0.2223286796240533,86.70818505338079,78.5660810311973
153,-0.6332263291490913,0,1.0,953,0.22081796238101745,86.1190053285968,78.64869520683473
897,-0.6366532721030712,1,0.0,954,0.2198670803559666,85.96802841918296,78.73130938247216
277,-0.6379219634008451,0,0.0,955,0.22013476991166495,86.07269503546098,78.8139235581096
515,-0.6422107284003173,0,0.0,956,0.22040151189371476,86.17699115044248,78.89653773374702
939,-0.6492356374299838,0,0.0,957,0.22066731132459128,86.28091872791519,78.97915190938446
40,-0.649826699435588,0,0.0,958,0.22093217319133773,86.38447971781305,79.06176608502189
8,-0.6510863327560839,0,0.0,959,0.2211961024458773,86.48767605633802,79.14438026065932
604,-0.6514368404330826,0,1.0,960,0.21970163476103363,85.90333919156414,79.22699443629675
35,-0.6610142373809574,0,0.0,961,0.21996679678736483,86.00701754385965,79.30960861193418
669,-0.6621834190693847,1,0.0,962,0.21902076620121733,85.85614035087718,79.39222278757161
21,-0.6669814066655143,0,0.0,963,0.21928499946388363,85.95971978984238,79.47483696320904
342,-0.6685333400143447,0,0.0,964,0.21954830883402313,86.06293706293707,79.55745113884647
127,-0.6771699877467836,0,0.0,965,0.21981069914876944,86.16579406631763,79.6400653144839
912,-0.6788619663247519,1,0.0,966,0.21886948296764053,86.01570680628272,79.72267949012134
768,-0.684178848005326,0,0.0,967,0.21913095903041913,86.1184668989547,79.80529366575877
908,-0.686337671756871,0,0.0,968,0.2193915256112402,86.22086956521738,79.8879078413962
602,-0.6930437381229395,0,1.0,969,0.2179150763358779,85.640625,79.97052201703363
977,-0.6939045860319508,0,0.0,970,0.21817684698867973,85.74350086655113,80.05313619267106
359,-0.695960636733761,0,0.0,971,0.21843771186067604,85.84602076124568,80.13575036830849
356,-0.701429309003402,0,0.0,972,0.2186976756450316,85.94818652849742,80.21836454394592
941,-0.7027722814252457,0,1.0,973,0.21723260507151007,85.37241379310345,80.30097871958336
557,-0.7073646419276115,0,0.0,974,0.21749374816605574,85.4750430292599,80.38359289522079
691,-0.7108830179979001,0,1.0,975,0.21603578080323182,84.9020618556701,80.46620707085822
708,-0.7163226905660502,0,0.0,976,0.2162980809099202,85.00514579759863,80.54882124649565
699,-0.7169948048711011,1,1.0,977,0.21789971354189341,85.85248713550601,80.63143542213308
635,-0.7209050171321505,0,0.0,978,0.21816111536054517,85.95547945205479,80.71404959777051
112,-0.736568102184306,0,1.0,979,0.2167122217883639,85.38461538461539,80.79666377340794
788,-0.73687108782767,0,0.0,980,0.21697475788707749,85.48805460750853,80.87927794904537
775,-0.7378675941682344,0,0.0,981,0.21723639948460294,85.59114139693357,80.9618921246828
864,-0.7393834149479607,0,0.0,982,0.21749715114472185,85.69387755102042,81.04450630032024
454,-0.7429391076565193,1,0.0,983,0.21655902867476107,85.5408163265306,81.12712047595767
510,-0.7518044446022656,0,0.0,984,0.21681889493026157,85.64346349745331,81.2097346515951
870,-0.7576008722953448,0,0.0,985,0.21707788028320105,85.74576271186442,81.29234882723253
251,-0.7645104855118363,0,0.0,986,0.2173359892051661,85.84771573604061,81.37496300286996
763,-0.7660366358849285,1,0.0,987,0.2164026047274778,85.69543147208122,81.45757717850739
883,-0.7931193822337373,0,1.0,988,0.21497065247065245,85.12837837837837,81.54019135414482
305,-0.79768331733023,0,1.0,989,0.21354352973239987,84.56323777403034,81.62280552978226
482,-0.8359563301397803,1,0.0,990,0.2126148474435161,84.40809443507588,81.70541970541969
1,-0.8610408774898244,0,0.0,991,0.21287603151583004,84.51178451178451,81.78803388105713
772,-0.8621638261231945,0,0.0,992,0.2131363376584891,84.61512605042017,81.87064805669456
927,-0.876165476493697,1,0.0,993,0.21221232211477553,84.46050420168068,81.953262232332
385,-0.9025402314926418,0,0.0,994,0.21247175474688879,84.56375838926175,82.03587640796943
330,-0.9404913027563488,0,1.0,995,0.21105527638190952,84.0,82.11849058360686
919,-0.9610713356323768,0,0.0,996,0.2113157762054419,84.10367892976589,82.20110475924429
874,-0.9877628740794064,0,1.0,997,0.20990595716478885,83.54257095158597,82.28371893488172
678,-0.9899057422680834,0,1.0,998,0.208500837520938,82.98333333333333,82.36633311051915
709,-1.1400869911817215,0,1.0,999,0.2071003938160018,82.42595673876872,82.44894728615658
420,-1.226854304227645,0,0.0,1000,0.20736573231606537,82.53156146179401,82.53156146179401
